country	continent	year	pop	lifeExp	gdpPercap	color
China	Asia	1952	556263527.999989	44	400.448610699994	#40004B
India	Asia	1952	3.72e+08	37.373	546.5657493	#460552
United States	Americas	1952	157553000	68.44	13990.48208	#A50026
Japan	Asia	1952	86459025	63.03	3216.956347	#4D0A59
Indonesia	Asia	1952	82052000	37.468	749.6816546	#540F60
Germany	Europe	1952	69145952	67.5	7144.114393	#276419
Brazil	Americas	1952	56602560	50.917	2108.944355	#AD0826
United Kingdom	Europe	1952	50430000	69.18	9979.508487	#2C6A1A
Italy	Europe	1952	47666000	65.94	4931.404155	#31701B
Bangladesh	Asia	1952	46886859	37.484	684.2441716	#5B1567
France	Europe	1952	42459667	67.41	7029.809327	#36771C
Pakistan	Asia	1952	41346560	43.436	684.5971438	#611A6D
Nigeria	Africa	1952	33119096	36.324	1077.281856	#7F3B08
Mexico	Americas	1952	30144317	50.789	3478.125529	#B51026
Spain	Europe	1952	28549870	64.94	3834.034742	#3B7D1D
Vietnam	Asia	1952	26246839	40.412	605.0664917	#681F75
Poland	Europe	1952	25730551	61.31	4029.329699	#41831E
Philippines	Asia	1952	22438691	47.752	1272.880995	#6F247B
Turkey	Europe	1952	22235677	43.585	1969.10098	#468A1F
Egypt	Africa	1952	22223309	41.893	1418.822445	#833D07
Thailand	Asia	1952	21289402	50.848	757.7974177	#762A83
Korea, Rep.	Asia	1952	20947571	47.453	1030.592226	#7A3288
Ethiopia	Africa	1952	20860941	34.078	362.1462796	#873F07
Myanmar	Asia	1952	20092996	36.319	331	#7E3B8C
Argentina	Americas	1952	17876956	62.485	5911.315053	#BE1826
Iran	Asia	1952	17272000	44.869	3035.326002	#834492
Romania	Europe	1952	16630000	61.05	3144.613186	#4B9020
Canada	Americas	1952	14785584	68.75	11367.16112	#C62026
South Africa	Africa	1952	14264935	45.009	4725.295531	#8B4107
Congo, Dem. Rep.	Africa	1952	14100005	39.143	780.5423257	#8F4407
Colombia	Americas	1952	12350771	50.643	2144.115096	#CE2726
Netherlands	Europe	1952	10381988	72.13	8941.571858	#529624
Morocco	Africa	1952	9939217	42.873	1688.20357	#934607
Hungary	Europe	1952	9504000	64.03	5263.673816	#599C28
Algeria	Africa	1952	9279525	43.077	2449.008185	#974807
Nepal	Asia	1952	9182536	36.157	545.8657229	#874D96
Czech Republic	Europe	1952	9125183	66.87	6876.14025	#5FA12D
Korea, Dem. Rep.	Asia	1952	8865488	50.056	1088.277758	#8B559B
Belgium	Europe	1952	8730405	68	8343.105127	#66A731
Australia	Oceania	1952	8691212	69.12	10039.59564	#313695
Taiwan	Asia	1952	8550362	58.5	1206.947913	#905EA1
Portugal	Europe	1952	8526050	59.82	3068.319867	#6DAD35
Sudan	Africa	1952	8504667	38.635	1615.991129	#9B4A06
Afghanistan	Asia	1952	8425333	28.801	779.4453145	#9467A5
Tanzania	Africa	1952	8322925	41.215	716.6500721	#9F4D06
Peru	Americas	1952	8025700	43.902	3758.523437	#D73027
Sri Lanka	Asia	1952	7982342	57.593	1083.53203	#9970AB
Greece	Europe	1952	7733250	65.86	3530.690067	#74B33A
Bulgaria	Europe	1952	7274900	59.6	2444.286648	#7BB93E
Sweden	Europe	1952	7124673	71.86	8527.844662	#82BE45
Austria	Europe	1952	6927772	66.8	6137.076492	#8AC34F
Serbia	Europe	1952	6860147	57.996	3581.459448	#92C858
Malaysia	Asia	1952	6748378	48.463	1831.132894	#9E76AF
Kenya	Africa	1952	6464046	42.27	853.540919	#A34F06
Mozambique	Africa	1952	6446316	31.286	468.5260381	#A75106
Chile	Americas	1952	6377619	54.745	3939.978789	#DB3A2B
Cuba	Americas	1952	6007797	59.421	5586.53878	#E04430
Uganda	Africa	1952	5824797	39.978	734.753484	#AB5406
Ghana	Africa	1952	5581001	43.149	911.2989371	#AF5606
Iraq	Asia	1952	5441766	45.32	4129.766056	#A37DB3
Venezuela	Americas	1952	5439568	55.088	7689.799761	#E54E35
Cameroon	Africa	1952	5009067	38.523	1172.667655	#B35806
Yemen, Rep.	Asia	1952	4963829	32.548	781.7175761	#A883B8
Switzerland	Europe	1952	4815000	69.62	14734.23275	#9ACD62
Madagascar	Africa	1952	4762912	36.681	1443.011715	#B75C07
Cambodia	Asia	1952	4693836	39.417	368.4692856	#AD8ABD
Burkina Faso	Africa	1952	4469979	31.975	543.2552413	#BA5F08
Denmark	Europe	1952	4334000	70.78	9692.385245	#A2D26B
Angola	Africa	1952	4232095	30.015	3520.610273	#BE6209
Finland	Europe	1952	4090500	66.55	6424.519071	#AAD875
Saudi Arabia	Asia	1952	4005677	39.875	6459.554823	#B291C1
Croatia	Europe	1952	3882229	61.21	3119.23652	#B2DD7E
Mali	Africa	1952	3838168	33.685	452.3369807	#C2650A
Syria	Asia	1952	3661549	45.883	1643.485354	#B797C6
Tunisia	Africa	1952	3647735	44.6	1468.475631	#C5690B
Slovak Republic	Europe	1952	3558137	64.36	5074.659104	#B9E188
Ecuador	Americas	1952	3548753	48.357	3522.110717	#EA5839
Niger	Africa	1952	3379468	37.444	761.879376	#C96C0C
Norway	Europe	1952	3327728	72.67	10095.42172	#BFE492
Haiti	Americas	1952	3201488	37.579	1840.366939	#EF623E
Guatemala	Americas	1952	3146381	42.023	2428.237769	#F46D43
Zimbabwe	Africa	1952	3080907	48.451	406.8841148	#CC6F0D
Cote d'Ivoire	Africa	1952	2977019	40.477	1388.594732	#D0730F
Ireland	Europe	1952	2952156	66.91	5210.280328	#C6E79C
Malawi	Africa	1952	2917802	36.256	369.1650802	#D37610
Bolivia	Americas	1952	2883315	40.414	2677.326347	#F57748
Bosnia and Herzegovina	Europe	1952	2791000	53.82	973.5331948	#CCE9A7
Senegal	Africa	1952	2755589	37.278	1450.356983	#D77911
Chad	Africa	1952	2682462	38.092	1178.665927	#DA7D12
Zambia	Africa	1952	2672000	42.038	1147.388831	#DE8013
Guinea	Africa	1952	2664249	33.609	510.1964923	#E18417
Rwanda	Africa	1952	2534927	40	493.3238752	#E3881D
Somalia	Africa	1952	2526994	32.978	1135.749842	#E58C23
Dominican Republic	Americas	1952	2491346	45.928	1397.717137	#F7824D
Burundi	Africa	1952	2445618	39.031	339.2964587	#E79029
Uruguay	Americas	1952	2252965	66.071	5716.766744	#F88D51
Puerto Rico	Americas	1952	2227000	64.28	3081.959785	#FA9856
Sierra Leone	Africa	1952	2143249	30.331	879.7877358	#EA952F
Hong Kong, China	Asia	1952	2125900	60.96	3054.421209	#BC9ECA
El Salvador	Americas	1952	2042865	45.262	3048.3029	#FBA35B
New Zealand	Oceania	1952	1994794	69.39	10556.57566	#4575B4
Benin	Africa	1952	1738315	38.223	1062.7522	#EC9936
Israel	Asia	1952	1620914	65.39	4086.522128	#C2A5CF
Paraguay	Americas	1952	1555876	62.649	1952.308701	#FDAE61
Honduras	Americas	1952	1517453	41.912	2194.926204	#FDB668
Slovenia	Europe	1952	1489518	65.57	4215.041741	#D2ECB1
Lebanon	Asia	1952	1439529	55.928	4834.804067	#C6AAD2
Eritrea	Africa	1952	1438760	35.928	328.9405571	#EE9D3C
Jamaica	Americas	1952	1426095	58.53	2898.530881	#FDBE70
Central African Republic	Africa	1952	1291695	35.463	1071.310713	#F1A142
Albania	Europe	1952	1282697	55.23	1601.056136	#D9EFBB
Togo	Africa	1952	1219113	38.596	859.8086567	#F3A548
Nicaragua	Americas	1952	1165790	42.314	3112.363948	#FDC778
Singapore	Asia	1952	1127000	60.396	2315.138227	#CBB0D5
West Bank and Gaza	Asia	1952	1030585	43.16	1515.592329	#CFB6D8
Mauritania	Africa	1952	1022556	40.543	743.1159097	#F5AA4E
Libya	Africa	1952	1019729	42.723	2387.54806	#F7AE55
Panama	Americas	1952	940080	55.191	2480.380334	#FDCF80
Costa Rica	Americas	1952	926317	57.206	2627.009471	#FDD788
Liberia	Africa	1952	863308	38.48	575.5729961	#FAB25B
Congo, Rep.	Africa	1952	854885	42.111	2125.621418	#FCB661
Mongolia	Asia	1952	800663	42.244	786.5668575	#D4BCDB
Lesotho	Africa	1952	748747	42.138	298.8462121	#FDBA67
Trinidad and Tobago	Americas	1952	662850	59.1	3023.271928	#FEE090
Jordan	Asia	1952	607914	43.158	1546.907807	#D9C2DE
Guinea-Bissau	Africa	1952	580653	32.5	299.850319	#FDBD6E
Mauritius	Africa	1952	516556	50.986	1967.955707	#FDC074
Oman	Asia	1952	507833	37.578	1828.230307	#DDC8E1
Namibia	Africa	1952	485831	41.725	2423.780443	#FDC37B
Botswana	Africa	1952	442308	47.622	851.2411407	#FDC681
Gabon	Africa	1952	420702	37.003	4293.476475	#FDCA88
Montenegro	Europe	1952	413834	59.164	2647.585601	#DFF2C5
Swaziland	Africa	1952	290243	41.407	1148.376626	#FDCD8E
Gambia	Africa	1952	284320	30	485.2306591	#FDD095
Reunion	Africa	1952	257700	52.724	2718.885295	#FDD39B
Equatorial Guinea	Africa	1952	216964	34.482	375.6431231	#FDD6A2
Kuwait	Asia	1952	160000	55.565	108382.3529	#E2CEE4
Comoros	Africa	1952	153936	40.715	1102.990936	#FDD9A8
Iceland	Europe	1952	147962	72.49	7267.688428	#E6F5D0
Bahrain	Asia	1952	120447	50.939	9867.084765	#E7D4E8
Djibouti	Africa	1952	63149	34.812	2669.529475	#FDDCAF
Sao Tome and Principe	Africa	1952	60011	46.471	879.5835855	#FEE0B6
China	Asia	1957	637408000	50.54896	575.9870009	#40004B
India	Asia	1957	4.09e+08	40.249	590.061996	#460552
United States	Americas	1957	171984000	69.49	14847.12712	#A50026
Japan	Asia	1957	91563009	65.5	4317.694365	#4D0A59
Indonesia	Asia	1957	90124000	39.918	858.9002707	#540F60
Germany	Europe	1957	71019069	69.1	10187.82665	#276419
Brazil	Americas	1957	65551171	53.285	2487.365989	#AD0826
United Kingdom	Europe	1957	51430000	70.42	11283.17795	#2C6A1A
Bangladesh	Asia	1957	51365468	39.348	661.6374577	#5B1567
Italy	Europe	1957	49182000	67.81	6248.656232	#31701B
Pakistan	Asia	1957	46679944	45.557	747.0835292	#611A6D
France	Europe	1957	44310863	68.93	8662.834898	#36771C
Nigeria	Africa	1957	37173340	37.802	1100.592563	#7F3B08
Mexico	Americas	1957	35015548	55.19	4131.546641	#B51026
Spain	Europe	1957	29841614	66.66	4564.80241	#3B7D1D
Vietnam	Asia	1957	28998543	42.887	676.2854478	#681F75
Poland	Europe	1957	28235346	65.77	4734.253019	#41831E
Philippines	Asia	1957	26072194	51.334	1547.944844	#6F247B
Turkey	Europe	1957	25670939	48.079	2218.754257	#468A1F
Thailand	Asia	1957	25041917	53.63	793.5774148	#762A83
Egypt	Africa	1957	25009741	44.444	1458.915272	#833D07
Ethiopia	Africa	1957	22815614	36.667	378.9041632	#873F07
Korea, Rep.	Asia	1957	22611552	52.681	1487.593537	#7A3288
Myanmar	Asia	1957	21731844	41.905	350	#7E3B8C
Iran	Asia	1957	19792000	47.181	3290.257643	#834492
Argentina	Americas	1957	19610538	64.399	6856.856212	#BE1826
Romania	Europe	1957	17829327	64.1	3943.370225	#4B9020
Canada	Americas	1957	17010154	69.96	12489.95006	#C62026
South Africa	Africa	1957	16151549	47.985	5487.104219	#8B4107
Congo, Dem. Rep.	Africa	1957	15577932	40.652	905.8602303	#8F4407
Colombia	Americas	1957	14485993	55.118	2323.805581	#CE2726
Morocco	Africa	1957	11406350	45.423	1642.002314	#934607
Netherlands	Europe	1957	11026383	72.99	11276.19344	#529624
Algeria	Africa	1957	10270856	45.685	3013.976023	#974807
Taiwan	Asia	1957	10164215	62.4	1507.86129	#905EA1
Hungary	Europe	1957	9839000	66.41	6040.180011	#599C28
Sudan	Africa	1957	9753392	39.624	1770.337074	#9B4A06
Australia	Oceania	1957	9712569	70.33	10949.64959	#313695
Nepal	Asia	1957	9682338	37.686	597.9363558	#874D96
Czech Republic	Europe	1957	9513758	69.03	8256.343918	#5FA12D
Tanzania	Africa	1957	9452826	42.974	698.5356073	#9F4D06
Korea, Dem. Rep.	Asia	1957	9411381	54.081	1571.134655	#8B559B
Afghanistan	Asia	1957	9240934	30.332	820.8530296	#9467A5
Peru	Americas	1957	9146100	46.263	4245.256698	#D73027
Sri Lanka	Asia	1957	9128546	61.456	1072.546602	#9970AB
Belgium	Europe	1957	8989111	69.24	9714.960623	#66A731
Portugal	Europe	1957	8817650	61.51	3774.571743	#6DAD35
Greece	Europe	1957	8096218	67.86	4916.299889	#74B33A
Malaysia	Asia	1957	7739235	52.102	1810.066992	#9E76AF
Bulgaria	Europe	1957	7651254	66.61	3008.670727	#7BB93E
Kenya	Africa	1957	7454779	44.686	944.4383152	#A34F06
Sweden	Europe	1957	7363802	72.49	9911.878226	#82BE45
Serbia	Europe	1957	7271135	61.685	4981.090891	#92C858
Chile	Americas	1957	7048426	56.074	4315.622723	#DB3A2B
Mozambique	Africa	1957	7038035	33.779	495.5868333	#A75106
Austria	Europe	1957	6965860	67.48	8842.59803	#8AC34F
Venezuela	Americas	1957	6702668	57.907	9802.466526	#E54E35
Uganda	Africa	1957	6675501	42.571	774.3710692	#AB5406
Cuba	Americas	1957	6640752	62.325	6092.174359	#E04430
Ghana	Africa	1957	6391288	44.779	1043.561537	#AF5606
Iraq	Asia	1957	6248643	48.437	6229.333562	#A37DB3
Yemen, Rep.	Asia	1957	5498090	33.97	804.8304547	#A883B8
Cameroon	Africa	1957	5359923	40.428	1313.048099	#B35806
Cambodia	Asia	1957	5322536	41.366	434.0383364	#AD8ABD
Madagascar	Africa	1957	5181679	38.865	1589.20275	#B75C07
Switzerland	Europe	1957	5126000	70.56	17909.48973	#9ACD62
Burkina Faso	Africa	1957	4713416	34.906	617.1834648	#BA5F08
Angola	Africa	1957	4561361	31.999	3827.940465	#BE6209
Denmark	Europe	1957	4487831	71.81	11099.65935	#A2D26B
Saudi Arabia	Asia	1957	4419650	42.868	8157.591248	#B291C1
Finland	Europe	1957	4324000	67.49	7545.415386	#AAD875
Mali	Africa	1957	4241884	35.307	490.3821867	#C2650A
Syria	Asia	1957	4149908	48.284	2117.234893	#B797C6
Ecuador	Americas	1957	4058385	51.356	3780.546651	#EA5839
Croatia	Europe	1957	3991242	64.77	4338.231617	#B2DD7E
Tunisia	Africa	1957	3950849	47.1	1395.232468	#C5690B
Slovak Republic	Europe	1957	3844277	67.45	6093.26298	#B9E188
Niger	Africa	1957	3692184	38.598	835.5234025	#C96C0C
Zimbabwe	Africa	1957	3646340	50.469	518.7642681	#CC6F0D
Guatemala	Americas	1957	3640876	44.142	2617.155967	#F46D43
Haiti	Americas	1957	3507701	40.696	1726.887882	#EF623E
Norway	Europe	1957	3491938	73.44	11653.97304	#BFE492
Cote d'Ivoire	Africa	1957	3300000	42.469	1500.895925	#D0730F
Malawi	Africa	1957	3221238	37.207	416.3698064	#D37610
Bolivia	Americas	1957	3211738	41.89	2127.686326	#F57748
Bosnia and Herzegovina	Europe	1957	3076000	58.45	1353.989176	#CCE9A7
Senegal	Africa	1957	3054547	39.329	1567.653006	#D77911
Zambia	Africa	1957	3016000	44.077	1311.956766	#DE8013
Dominican Republic	Americas	1957	2923186	49.828	1544.402995	#F7824D
Chad	Africa	1957	2894855	39.881	1308.495577	#DA7D12
Ireland	Europe	1957	2878220	68.9	5599.077872	#C6E79C
Guinea	Africa	1957	2876726	34.558	576.2670245	#E18417
Rwanda	Africa	1957	2822082	41.5	540.2893983	#E3881D
Somalia	Africa	1957	2780415	34.977	1258.147413	#E58C23
Hong Kong, China	Asia	1957	2736300	64.75	3629.076457	#BC9ECA
Burundi	Africa	1957	2667518	40.533	379.5646281	#E79029
Uruguay	Americas	1957	2424959	67.044	6150.772969	#F88D51
El Salvador	Americas	1957	2355805	48.57	3421.523218	#FBA35B
Sierra Leone	Africa	1957	2295678	31.57	1004.484437	#EA952F
Puerto Rico	Americas	1957	2260000	68.54	3907.156189	#FA9856
New Zealand	Oceania	1957	2229407	70.26	12247.39532	#4575B4
Israel	Asia	1957	1944401	67.84	5385.278451	#C2A5CF
Benin	Africa	1957	1925173	40.358	959.6010805	#EC9936
Paraguay	Americas	1957	1770902	63.196	2046.154706	#FDAE61
Honduras	Americas	1957	1770390	44.665	2220.487682	#FDB668
Lebanon	Asia	1957	1647412	59.489	6089.786934	#C6AAD2
Eritrea	Africa	1957	1542611	38.047	344.1618859	#EE9D3C
Jamaica	Americas	1957	1535090	62.61	4756.525781	#FDBE70
Slovenia	Europe	1957	1533070	67.85	5862.276629	#D2ECB1
Albania	Europe	1957	1476505	59.28	1942.284244	#D9EFBB
Singapore	Asia	1957	1445929	63.179	2843.104409	#CBB0D5
Central African Republic	Africa	1957	1392284	37.464	1190.844328	#F1A142
Nicaragua	Americas	1957	1358828	45.432	3457.415947	#FDC778
Togo	Africa	1957	1357445	41.208	925.9083202	#F3A548
Libya	Africa	1957	1201578	45.289	3448.284395	#F7AE55
Costa Rica	Americas	1957	1112300	60.026	2990.010802	#FDD788
Mauritania	Africa	1957	1076852	42.338	846.1202613	#F5AA4E
West Bank and Gaza	Asia	1957	1070439	45.671	1827.067742	#CFB6D8
Panama	Americas	1957	1063506	59.201	2961.800905	#FDCF80
Liberia	Africa	1957	975950	39.486	620.9699901	#FAB25B
Congo, Rep.	Africa	1957	940458	45.053	2315.056572	#FCB661
Mongolia	Asia	1957	882134	45.248	912.6626085	#D4BCDB
Lesotho	Africa	1957	813338	45.047	335.9971151	#FDBA67
Trinidad and Tobago	Americas	1957	764900	61.8	4100.3934	#FEE090
Jordan	Asia	1957	746559	45.669	1886.080591	#D9C2DE
Mauritius	Africa	1957	609816	58.089	2034.037981	#FDC074
Guinea-Bissau	Africa	1957	601095	33.489	431.7904566	#FDBD6E
Oman	Asia	1957	561977	40.08	2242.746551	#DDC8E1
Namibia	Africa	1957	548080	45.226	2621.448058	#FDC37B
Botswana	Africa	1957	474639	49.618	918.2325349	#FDC681
Montenegro	Europe	1957	442829	61.448	3682.259903	#DFF2C5
Gabon	Africa	1957	434904	38.999	4976.198099	#FDCA88
Swaziland	Africa	1957	326741	43.424	1244.708364	#FDCD8E
Gambia	Africa	1957	323150	32.065	520.9267111	#FDD095
Reunion	Africa	1957	308700	55.09	2769.451844	#FDD39B
Equatorial Guinea	Africa	1957	232922	35.983	426.0964081	#FDD6A2
Kuwait	Asia	1957	212846	58.033	113523.1329	#E2CEE4
Comoros	Africa	1957	170928	42.46	1211.148548	#FDD9A8
Iceland	Europe	1957	165110	73.47	9244.001412	#E6F5D0
Bahrain	Asia	1957	138655	53.832	11635.79945	#E7D4E8
Djibouti	Africa	1957	71851	37.328	2864.969076	#FDDCAF
Sao Tome and Principe	Africa	1957	61325	48.945	860.7369026	#FEE0B6
China	Asia	1962	665770000	44.50136	487.6740183	#40004B
India	Asia	1962	4.54e+08	43.605	658.3471509	#460552
United States	Americas	1962	186538000	70.21	16173.14586	#A50026
Indonesia	Asia	1962	99028000	42.518	849.2897701	#540F60
Japan	Asia	1962	95831757	68.73	6576.649461	#4D0A59
Brazil	Americas	1962	76039390	55.665	3336.585802	#AD0826
Germany	Europe	1962	73739117	70.3	12902.46291	#276419
Bangladesh	Asia	1962	56839289	41.216	686.3415538	#5B1567
United Kingdom	Europe	1962	53292000	70.76	12477.17707	#2C6A1A
Pakistan	Asia	1962	53100671	47.67	803.3427418	#611A6D
Italy	Europe	1962	50843200	69.24	8243.58234	#31701B
France	Europe	1962	47124000	70.51	10560.48553	#36771C
Nigeria	Africa	1962	41871351	39.36	1150.927478	#7F3B08
Mexico	Americas	1962	41121485	58.299	4581.609385	#B51026
Vietnam	Asia	1962	33796140	45.363	772.0491602	#681F75
Spain	Europe	1962	31158061	69.69	5693.843879	#3B7D1D
Poland	Europe	1962	30329617	67.64	5338.752143	#41831E
Philippines	Asia	1962	30325264	54.757	1649.552153	#6F247B
Turkey	Europe	1962	29788695	52.098	2322.869908	#468A1F
Thailand	Asia	1962	29263397	56.061	1002.199172	#762A83
Egypt	Africa	1962	28173309	46.992	1693.335853	#833D07
Korea, Rep.	Asia	1962	26420307	55.292	1536.344387	#7A3288
Ethiopia	Africa	1962	25145372	40.059	419.4564161	#873F07
Myanmar	Asia	1962	23634436	45.108	388	#7E3B8C
Iran	Asia	1962	22874000	49.325	4187.329802	#834492
Argentina	Americas	1962	21283783	65.142	7133.166023	#BE1826
Canada	Americas	1962	18985849	71.3	13462.48555	#C62026
Romania	Europe	1962	18680721	66.8	4734.997586	#4B9020
South Africa	Africa	1962	18356657	49.951	5768.729717	#8B4107
Congo, Dem. Rep.	Africa	1962	17486434	42.122	896.3146335	#8F4407
Colombia	Americas	1962	17009885	57.863	2492.351109	#CE2726
Morocco	Africa	1962	13056604	47.924	1566.353493	#934607
Taiwan	Asia	1962	11918938	65.2	1822.879028	#905EA1
Netherlands	Europe	1962	11805689	73.23	12790.84956	#529624
Sudan	Africa	1962	11183227	40.87	1959.593767	#9B4A06
Algeria	Africa	1962	11000948	48.303	2550.81688	#974807
Korea, Dem. Rep.	Asia	1962	10917494	56.656	1621.693598	#8B559B
Tanzania	Africa	1962	10863958	44.246	722.0038073	#9F4D06
Australia	Oceania	1962	10794968	70.93	12217.22686	#313695
Peru	Americas	1962	10516500	49.096	4957.037982	#D73027
Sri Lanka	Asia	1962	10421936	62.192	1074.47196	#9970AB
Nepal	Asia	1962	10332057	39.393	652.3968593	#874D96
Afghanistan	Asia	1962	10267083	31.997	853.10071	#9467A5
Hungary	Europe	1962	10063000	67.96	7550.359877	#599C28
Czech Republic	Europe	1962	9620282	69.9	10136.86713	#5FA12D
Belgium	Europe	1962	9218400	70.25	10991.20676	#66A731
Portugal	Europe	1962	9019800	64.39	4727.954889	#6DAD35
Malaysia	Asia	1962	8906385	55.737	2036.884944	#9E76AF
Kenya	Africa	1962	8678557	47.949	896.9663732	#A34F06
Greece	Europe	1962	8448233	69.51	6017.190733	#74B33A
Venezuela	Americas	1962	8143375	60.77	8422.974165	#E54E35
Bulgaria	Europe	1962	8012946	69.51	4254.337839	#7BB93E
Chile	Americas	1962	7961258	57.924	4519.094331	#DB3A2B
Mozambique	Africa	1962	7788944	36.161	556.6863539	#A75106
Uganda	Africa	1962	7688797	45.344	767.2717398	#AB5406
Serbia	Europe	1962	7616060	64.531	6289.629157	#92C858
Sweden	Europe	1962	7561588	73.37	12329.44192	#82BE45
Ghana	Africa	1962	7355248	46.452	1190.041118	#AF5606
Cuba	Americas	1962	7254373	65.246	5180.75591	#E04430
Iraq	Asia	1962	7240260	51.457	8341.737815	#A37DB3
Austria	Europe	1962	7129864	69.54	10750.72111	#8AC34F
Yemen, Rep.	Asia	1962	6120081	35.18	825.6232006	#A883B8
Cambodia	Asia	1962	6083619	43.415	496.9136476	#AD8ABD
Cameroon	Africa	1962	5793633	42.643	1399.607441	#B35806
Madagascar	Africa	1962	5703324	40.848	1643.38711	#B75C07
Switzerland	Europe	1962	5666000	71.32	20431.0927	#9ACD62
Saudi Arabia	Asia	1962	4943029	45.914	11626.41975	#B291C1
Burkina Faso	Africa	1962	4919632	37.814	722.5120206	#BA5F08
Syria	Asia	1962	4834621	50.305	2193.037133	#B797C6
Angola	Africa	1962	4826015	34	4269.276742	#BE6209
Mali	Africa	1962	4690372	36.936	496.1743428	#C2650A
Ecuador	Americas	1962	4681707	54.64	4086.114078	#EA5839
Denmark	Europe	1962	4646899	72.35	13583.31351	#A2D26B
Finland	Europe	1962	4491443	68.75	9371.842561	#AAD875
Tunisia	Africa	1962	4286552	49.579	1660.30321	#C5690B
Zimbabwe	Africa	1962	4277736	52.358	527.2721818	#CC6F0D
Slovak Republic	Europe	1962	4237384	70.33	7481.107598	#B9E188
Guatemala	Americas	1962	4208858	46.954	2750.364446	#F46D43
Croatia	Europe	1962	4076557	67.13	5477.890018	#B2DD7E
Niger	Africa	1962	4076008	39.487	997.7661127	#C96C0C
Haiti	Americas	1962	3880130	43.59	1796.589032	#EF623E
Cote d'Ivoire	Africa	1962	3832408	44.93	1728.869428	#D0730F
Norway	Europe	1962	3638919	73.47	13450.40151	#BFE492
Malawi	Africa	1962	3628608	38.41	427.9010856	#D37610
Bolivia	Americas	1962	3593918	43.428	2180.972546	#F57748
Dominican Republic	Americas	1962	3453434	53.459	1662.137359	#F7824D
Senegal	Africa	1962	3430243	41.454	1654.988723	#D77911
Zambia	Africa	1962	3421000	46.023	1452.725766	#DE8013
Bosnia and Herzegovina	Europe	1962	3349000	61.93	1709.683679	#CCE9A7
Hong Kong, China	Asia	1962	3305200	67.65	4692.648272	#BC9ECA
Chad	Africa	1962	3150417	41.716	1389.817618	#DA7D12
Guinea	Africa	1962	3140003	35.753	686.3736739	#E18417
Somalia	Africa	1962	3080153	36.981	1369.488336	#E58C23
Rwanda	Africa	1962	3051242	43	597.4730727	#E3881D
Burundi	Africa	1962	2961915	42.045	355.2032273	#E79029
Ireland	Europe	1962	2830000	70.29	6631.597314	#C6E79C
El Salvador	Americas	1962	2747687	52.307	3776.803627	#FBA35B
Uruguay	Americas	1962	2598466	68.253	5603.357717	#F88D51
New Zealand	Oceania	1962	2488550	71.24	13175.678	#4575B4
Sierra Leone	Africa	1962	2467895	32.767	1116.639877	#EA952F
Puerto Rico	Americas	1962	2448046	69.62	5108.34463	#FA9856
Israel	Asia	1962	2310904	69.39	7105.630706	#C2A5CF
Benin	Africa	1962	2151895	42.618	949.4990641	#EC9936
Honduras	Americas	1962	2090162	48.041	2291.156835	#FDB668
Paraguay	Americas	1962	2009813	64.361	2148.027146	#FDAE61
Lebanon	Asia	1962	1886848	62.094	5714.560611	#C6AAD2
Singapore	Asia	1962	1750200	65.798	3674.735572	#CBB0D5
Albania	Europe	1962	1728137	64.82	2312.888958	#D9EFBB
Eritrea	Africa	1962	1666618	40.158	380.9958433	#EE9D3C
Jamaica	Americas	1962	1665128	65.61	5246.107524	#FDBE70
Nicaragua	Americas	1962	1590597	48.632	3634.364406	#FDC778
Slovenia	Europe	1962	1582962	69.15	7402.303395	#D2ECB1
Togo	Africa	1962	1528098	43.922	1067.53481	#F3A548
Central African Republic	Africa	1962	1523478	39.475	1193.068753	#F1A142
Libya	Africa	1962	1441863	47.808	6757.030816	#F7AE55
Costa Rica	Americas	1962	1345187	62.842	3460.937025	#FDD788
Panama	Americas	1962	1215725	61.817	3536.540301	#FDCF80
Mauritania	Africa	1962	1146757	44.248	1055.896036	#F5AA4E
West Bank and Gaza	Asia	1962	1133134	48.127	2198.956312	#CFB6D8
Liberia	Africa	1962	1112796	40.502	634.1951625	#FAB25B
Congo, Rep.	Africa	1962	1047924	48.435	2464.783157	#FCB661
Mongolia	Asia	1962	1010280	48.251	1056.353958	#D4BCDB
Jordan	Asia	1962	933559	48.126	2348.009158	#D9C2DE
Lesotho	Africa	1962	893143	47.747	411.8006266	#FDBA67
Trinidad and Tobago	Americas	1962	887498	64.9	4997.523971	#FEE090
Mauritius	Africa	1962	701016	60.246	2529.067487	#FDC074
Oman	Asia	1962	628164	43.165	2924.638113	#DDC8E1
Guinea-Bissau	Africa	1962	627820	34.488	522.0343725	#FDBD6E
Namibia	Africa	1962	621392	48.386	3173.215595	#FDC37B
Botswana	Africa	1962	512764	51.52	983.6539764	#FDC681
Montenegro	Europe	1962	474528	63.728	4649.593785	#DFF2C5
Gabon	Africa	1962	455661	40.489	6631.459222	#FDCA88
Gambia	Africa	1962	374020	33.896	599.650276	#FDD095
Swaziland	Africa	1962	370006	44.992	1856.182125	#FDCD8E
Reunion	Africa	1962	358900	57.666	3173.72334	#FDD39B
Kuwait	Asia	1962	358266	60.47	95458.11176	#E2CEE4
Equatorial Guinea	Africa	1962	249220	37.485	582.8419714	#FDD6A2
Comoros	Africa	1962	191689	44.467	1406.648278	#FDD9A8
Iceland	Europe	1962	182053	73.68	10350.15906	#E6F5D0
Bahrain	Asia	1962	171863	56.923	12753.27514	#E7D4E8
Djibouti	Africa	1962	89898	39.693	3020.989263	#FDDCAF
Sao Tome and Principe	Africa	1962	65345	51.893	1071.551119	#FEE0B6
China	Asia	1967	754550000	58.38112	612.7056934	#40004B
India	Asia	1967	5.06e+08	47.193	700.7706107	#460552
United States	Americas	1967	198712000	70.76	19530.36557	#A50026
Indonesia	Asia	1967	109343000	45.964	762.4317721	#540F60
Japan	Asia	1967	100825279	71.43	9847.788607	#4D0A59
Brazil	Americas	1967	88049823	57.632	3429.864357	#AD0826
Germany	Europe	1967	76368453	70.8	14745.62561	#276419
Bangladesh	Asia	1967	62821884	43.453	721.1860862	#5B1567
Pakistan	Asia	1967	60641899	49.8	942.4082588	#611A6D
United Kingdom	Europe	1967	54959000	71.36	14142.85089	#2C6A1A
Italy	Europe	1967	52667100	71.06	10022.40131	#31701B
France	Europe	1967	49569000	71.55	12999.91766	#36771C
Mexico	Americas	1967	47995559	60.11	5754.733883	#B51026
Nigeria	Africa	1967	47287752	41.04	1014.514104	#7F3B08
Vietnam	Asia	1967	39463910	47.838	637.1232887	#681F75
Philippines	Asia	1967	35356600	56.393	1814.12743	#6F247B
Thailand	Asia	1967	34024249	58.285	1295.46066	#762A83
Turkey	Europe	1967	33411317	54.336	2826.356387	#468A1F
Spain	Europe	1967	32850275	71.44	7993.512294	#3B7D1D
Poland	Europe	1967	31785378	69.61	6557.152776	#41831E
Egypt	Africa	1967	31681188	49.293	1814.880728	#833D07
Korea, Rep.	Asia	1967	30131000	57.716	2029.228142	#7A3288
Ethiopia	Africa	1967	27860297	42.115	516.1186438	#873F07
Iran	Asia	1967	26538000	52.469	5906.731805	#834492
Myanmar	Asia	1967	25870271	49.379	349	#7E3B8C
Argentina	Americas	1967	22934225	65.634	8052.953021	#BE1826
South Africa	Africa	1967	20997321	51.927	7114.477971	#8B4107
Canada	Americas	1967	20819767	72.13	16076.58803	#C62026
Congo, Dem. Rep.	Africa	1967	19941073	44.056	861.5932424	#8F4407
Colombia	Americas	1967	19764027	59.963	2678.729839	#CE2726
Romania	Europe	1967	19284814	66.8	6470.866545	#4B9020
Morocco	Africa	1967	14770296	50.335	1711.04477	#934607
Taiwan	Asia	1967	13648692	67.5	2643.858681	#905EA1
Algeria	Africa	1967	12760499	51.407	3246.991771	#974807
Sudan	Africa	1967	12716129	42.858	1687.997641	#9B4A06
Korea, Dem. Rep.	Asia	1967	12617009	59.942	2143.540609	#8B559B
Tanzania	Africa	1967	12607312	45.757	848.2186575	#9F4D06
Netherlands	Europe	1967	12596822	73.82	15363.25136	#529624
Peru	Americas	1967	12132200	51.445	5788.09333	#D73027
Australia	Oceania	1967	11872264	71.1	14526.12465	#313695
Sri Lanka	Asia	1967	11737396	64.266	1135.514326	#9970AB
Afghanistan	Asia	1967	11537966	34.02	836.1971382	#9467A5
Nepal	Asia	1967	11261690	41.472	676.4422254	#874D96
Hungary	Europe	1967	10223422	69.5	9326.64467	#599C28
Kenya	Africa	1967	10191512	50.654	1056.736457	#A34F06
Malaysia	Asia	1967	10154878	59.371	2277.742396	#9E76AF
Czech Republic	Europe	1967	9835109	70.38	11399.44489	#5FA12D
Venezuela	Americas	1967	9709552	63.479	9541.474188	#E54E35
Belgium	Europe	1967	9556500	70.94	13149.04119	#66A731
Portugal	Europe	1967	9103000	66.6	6361.517993	#6DAD35
Uganda	Africa	1967	8900294	48.051	908.9185217	#AB5406
Chile	Americas	1967	8858908	60.523	5106.654313	#DB3A2B
Greece	Europe	1967	8716441	71	8513.097016	#74B33A
Mozambique	Africa	1967	8680909	38.113	566.6691539	#A75106
Iraq	Asia	1967	8519282	54.459	8931.459811	#A37DB3
Ghana	Africa	1967	8490213	48.072	1125.69716	#AF5606
Bulgaria	Europe	1967	8310226	70.42	5577.0028	#7BB93E
Cuba	Americas	1967	8139332	68.29	5690.268015	#E04430
Serbia	Europe	1967	7971222	66.914	7991.707066	#92C858
Sweden	Europe	1967	7867931	74.16	15258.29697	#82BE45
Austria	Europe	1967	7376998	70.14	12834.6024	#8AC34F
Cambodia	Asia	1967	6960067	45.415	523.4323142	#AD8ABD
Yemen, Rep.	Asia	1967	6740785	36.984	862.4421463	#A883B8
Cameroon	Africa	1967	6335506	44.799	1508.453148	#B35806
Madagascar	Africa	1967	6334556	42.881	1634.047282	#B75C07
Switzerland	Europe	1967	6063000	72.77	22966.14432	#9ACD62
Syria	Asia	1967	5680812	53.655	1881.923632	#B797C6
Saudi Arabia	Asia	1967	5618198	49.901	16903.04886	#B291C1
Ecuador	Americas	1967	5432424	56.678	4579.074215	#EA5839
Angola	Africa	1967	5247469	35.985	5522.776375	#BE6209
Mali	Africa	1967	5212416	38.487	545.0098873	#C2650A
Burkina Faso	Africa	1967	5127935	40.697	794.8265597	#BA5F08
Zimbabwe	Africa	1967	4995432	53.995	569.7950712	#CC6F0D
Denmark	Europe	1967	4838800	72.96	15937.21123	#A2D26B
Tunisia	Africa	1967	4786986	52.053	1932.360167	#C5690B
Cote d'Ivoire	Africa	1967	4744870	47.35	2052.050473	#D0730F
Guatemala	Americas	1967	4690773	50.016	3242.531147	#F46D43
Finland	Europe	1967	4605744	69.83	10921.63626	#AAD875
Niger	Africa	1967	4534062	40.118	1054.384891	#C96C0C
Slovak Republic	Europe	1967	4442238	70.98	8412.902397	#B9E188
Haiti	Americas	1967	4318137	46.243	1452.057666	#EF623E
Croatia	Europe	1967	4174366	68.5	6960.297861	#B2DD7E
Malawi	Africa	1967	4147252	39.487	495.5147806	#D37610
Dominican Republic	Americas	1967	4049146	56.751	1653.723003	#F7824D
Bolivia	Americas	1967	4040665	45.032	2586.886053	#F57748
Senegal	Africa	1967	3965841	43.563	1612.404632	#D77911
Zambia	Africa	1967	3900000	47.768	1777.077318	#DE8013
Norway	Europe	1967	3786019	74.08	16361.87647	#BFE492
Hong Kong, China	Asia	1967	3722800	70	6197.962814	#BC9ECA
Bosnia and Herzegovina	Europe	1967	3585000	64.79	2172.352423	#CCE9A7
Chad	Africa	1967	3495967	43.601	1196.810565	#DA7D12
Guinea	Africa	1967	3451418	37.197	708.7595409	#E18417
Rwanda	Africa	1967	3451079	44.1	510.9637142	#E3881D
Somalia	Africa	1967	3428839	38.977	1284.73318	#E58C23
Burundi	Africa	1967	3330989	43.548	412.9775136	#E79029
El Salvador	Americas	1967	3232927	55.855	4358.595393	#FBA35B
Ireland	Europe	1967	2900100	71.08	7655.568963	#C6E79C
Uruguay	Americas	1967	2748579	68.468	5444.61962	#F88D51
New Zealand	Oceania	1967	2728150	71.52	14463.91893	#4575B4
Israel	Asia	1967	2693585	70.75	8393.741404	#C2A5CF
Sierra Leone	Africa	1967	2662190	34.113	1206.043465	#EA952F
Puerto Rico	Americas	1967	2648961	71.1	6929.277714	#FA9856
Honduras	Americas	1967	2500689	50.924	2538.269358	#FDB668
Benin	Africa	1967	2427334	44.885	1035.831411	#EC9936
Paraguay	Americas	1967	2287985	64.951	2299.376311	#FDAE61
Lebanon	Asia	1967	2186894	63.87	6006.983042	#C6AAD2
Albania	Europe	1967	1984060	66.22	2760.196931	#D9EFBB
Singapore	Asia	1967	1977600	67.946	4977.41854	#CBB0D5
Nicaragua	Americas	1967	1865490	51.884	4643.393534	#FDC778
Jamaica	Americas	1967	1861096	67.51	6124.703451	#FDBE70
Eritrea	Africa	1967	1820319	42.189	468.7949699	#EE9D3C
Libya	Africa	1967	1759224	50.227	18772.75169	#F7AE55
Togo	Africa	1967	1735550	46.769	1477.59676	#F3A548
Central African Republic	Africa	1967	1733638	41.478	1136.056615	#F1A142
Slovenia	Europe	1967	1646912	69.18	9405.489397	#D2ECB1
Costa Rica	Americas	1967	1588717	65.424	4161.727834	#FDD788
Panama	Americas	1967	1405486	64.071	4421.009084	#FDCF80
Liberia	Africa	1967	1279406	41.536	713.6036483	#FAB25B
Jordan	Asia	1967	1255058	51.629	2741.796252	#D9C2DE
Mauritania	Africa	1967	1230542	46.289	1421.145193	#F5AA4E
Congo, Rep.	Africa	1967	1179760	52.04	2677.939642	#FCB661
Mongolia	Asia	1967	1149500	51.253	1226.04113	#D4BCDB
West Bank and Gaza	Asia	1967	1142636	51.631	2649.715007	#CFB6D8
Lesotho	Africa	1967	996380	48.492	498.6390265	#FDBA67
Trinidad and Tobago	Americas	1967	960155	65.4	5621.368472	#FEE090
Mauritius	Africa	1967	789309	61.557	2475.387562	#FDC074
Oman	Asia	1967	714775	46.988	4720.942687	#DDC8E1
Namibia	Africa	1967	706640	51.159	3793.694753	#FDC37B
Guinea-Bissau	Africa	1967	601287	35.492	715.5806402	#FDBD6E
Kuwait	Asia	1967	575003	64.624	80894.88326	#E2CEE4
Botswana	Africa	1967	553541	53.298	1214.709294	#FDC681
Montenegro	Europe	1967	501035	67.178	5907.850937	#DFF2C5
Gabon	Africa	1967	489004	44.598	8358.761987	#FDCA88
Gambia	Africa	1967	439593	35.857	734.7829124	#FDD095
Swaziland	Africa	1967	420690	46.633	2613.101665	#FDCD8E
Reunion	Africa	1967	414024	60.542	4021.175739	#FDD39B
Equatorial Guinea	Africa	1967	259864	38.987	915.5960025	#FDD6A2
Comoros	Africa	1967	217378	46.472	1876.029643	#FDD9A8
Bahrain	Asia	1967	202182	59.923	14804.6727	#E7D4E8
Iceland	Europe	1967	198676	73.73	13319.89568	#E6F5D0
Djibouti	Africa	1967	127617	42.074	3020.050513	#FDDCAF
Sao Tome and Principe	Africa	1967	70787	54.425	1384.840593	#FEE0B6
China	Asia	1972	862030000	63.11888	676.9000921	#40004B
India	Asia	1972	5.67e+08	50.651	724.032527	#460552
United States	Americas	1972	209896000	71.34	21806.03594	#A50026
Indonesia	Asia	1972	121282000	49.203	1111.107907	#540F60
Japan	Asia	1972	107188273	73.42	14778.78636	#4D0A59
Brazil	Americas	1972	100840058	59.504	4985.711467	#AD0826
Germany	Europe	1972	78717088	71	18016.18027	#276419
Bangladesh	Asia	1972	70759295	45.252	630.2336265	#5B1567
Pakistan	Asia	1972	69325921	51.929	1049.938981	#611A6D
United Kingdom	Europe	1972	56079000	72.01	15895.11641	#2C6A1A
Mexico	Americas	1972	55984294	62.361	6809.40669	#B51026
Italy	Europe	1972	54365564	72.19	12269.27378	#31701B
Nigeria	Africa	1972	53740085	42.821	1698.388838	#7F3B08
France	Europe	1972	51732000	72.38	16107.19171	#36771C
Vietnam	Asia	1972	44655014	50.254	699.5016441	#681F75
Philippines	Asia	1972	40850141	58.065	1989.37407	#6F247B
Thailand	Asia	1972	39276153	60.405	1524.358936	#762A83
Turkey	Europe	1972	37492953	57.005	3450.69638	#468A1F
Egypt	Africa	1972	34807417	51.137	2024.008147	#833D07
Spain	Europe	1972	34513161	73.06	10638.75131	#3B7D1D
Korea, Rep.	Asia	1972	33505000	62.612	3030.87665	#7A3288
Poland	Europe	1972	33039545	70.85	8006.506993	#41831E
Ethiopia	Africa	1972	30770372	43.515	566.2439442	#873F07
Iran	Asia	1972	30614000	55.234	9613.818607	#834492
Myanmar	Asia	1972	28466390	53.07	357	#7E3B8C
Argentina	Americas	1972	24779799	67.065	9443.038526	#BE1826
South Africa	Africa	1972	23935810	53.696	7765.962636	#8B4107
Congo, Dem. Rep.	Africa	1972	23007669	45.989	904.8960685	#8F4407
Colombia	Americas	1972	22542890	61.623	3264.660041	#CE2726
Canada	Americas	1972	22284500	72.88	18970.57086	#C62026
Romania	Europe	1972	20662648	69.21	8011.414402	#4B9020
Morocco	Africa	1972	16660670	52.862	1930.194975	#934607
Taiwan	Asia	1972	15226039	69.39	4062.523897	#905EA1
Korea, Dem. Rep.	Asia	1972	14781241	63.983	3701.621503	#8B559B
Algeria	Africa	1972	14760787	54.518	4182.663766	#974807
Tanzania	Africa	1972	14706593	47.62	915.9850592	#9F4D06
Sudan	Africa	1972	14597019	45.083	1659.652775	#9B4A06
Peru	Americas	1972	13954700	55.448	5937.827283	#D73027
Netherlands	Europe	1972	13329874	73.75	18794.74567	#529624
Australia	Oceania	1972	13177000	71.93	16788.62948	#313695
Afghanistan	Asia	1972	13079460	36.088	739.9811058	#9467A5
Sri Lanka	Asia	1972	13016733	65.042	1213.39553	#9970AB
Nepal	Asia	1972	12412593	43.971	674.7881296	#874D96
Kenya	Africa	1972	12044785	53.559	1222.359968	#A34F06
Venezuela	Americas	1972	11515649	65.712	10505.25966	#E54E35
Malaysia	Asia	1972	11441462	63.01	2849.09478	#9E76AF
Hungary	Europe	1972	10394091	69.76	10168.65611	#599C28
Uganda	Africa	1972	10190285	51.016	950.735869	#AB5406
Iraq	Asia	1972	10061506	56.95	9576.037596	#A37DB3
Czech Republic	Europe	1972	9862158	70.29	13108.4536	#5FA12D
Mozambique	Africa	1972	9809596	40.328	724.9178037	#A75106
Chile	Americas	1972	9717524	63.441	5494.024437	#DB3A2B
Belgium	Europe	1972	9709100	71.44	16672.14356	#66A731
Ghana	Africa	1972	9354120	49.875	1178.223708	#AF5606
Portugal	Europe	1972	8970450	69.26	9022.247417	#6DAD35
Greece	Europe	1972	8888628	72.34	12724.82957	#74B33A
Cuba	Americas	1972	8831348	70.723	5305.445256	#E04430
Bulgaria	Europe	1972	8576200	70.9	6597.494398	#7BB93E
Serbia	Europe	1972	8313288	68.7	10522.06749	#92C858
Sweden	Europe	1972	8122293	74.72	17832.02464	#82BE45
Austria	Europe	1972	7544201	70.63	16661.6256	#8AC34F
Cambodia	Asia	1972	7450606	40.317	421.6240257	#AD8ABD
Yemen, Rep.	Asia	1972	7407075	39.848	1265.047031	#A883B8
Madagascar	Africa	1972	7082430	44.851	1748.562982	#B75C07
Cameroon	Africa	1972	7021028	47.049	1684.146528	#B35806
Syria	Asia	1972	6701172	57.296	2571.423014	#B797C6
Saudi Arabia	Asia	1972	6472756	53.886	24837.42865	#B291C1
Switzerland	Europe	1972	6401400	73.78	27195.11304	#9ACD62
Ecuador	Americas	1972	6298651	58.796	5280.99471	#EA5839
Cote d'Ivoire	Africa	1972	6071696	49.801	2378.201111	#D0730F
Angola	Africa	1972	5894858	37.928	5473.288005	#BE6209
Zimbabwe	Africa	1972	5861135	55.635	799.3621758	#CC6F0D
Mali	Africa	1972	5828158	39.977	581.3688761	#C2650A
Burkina Faso	Africa	1972	5433886	43.591	854.7359763	#BA5F08
Tunisia	Africa	1972	5303507	55.602	2753.285994	#C5690B
Guatemala	Americas	1972	5149581	53.738	4031.408271	#F46D43
Niger	Africa	1972	5060262	40.546	954.2092363	#C96C0C
Denmark	Europe	1972	4991596	73.47	18866.20721	#A2D26B
Malawi	Africa	1972	4730997	41.766	584.6219709	#D37610
Haiti	Americas	1972	4698301	48.042	1654.456946	#EF623E
Dominican Republic	Americas	1972	4671329	59.631	2189.874499	#F7824D
Finland	Europe	1972	4639657	70.87	14358.8759	#AAD875
Slovak Republic	Europe	1972	4593433	70.35	9674.167626	#B9E188
Senegal	Africa	1972	4588696	45.815	1597.712056	#D77911
Bolivia	Americas	1972	4565872	46.714	2980.331339	#F57748
Zambia	Africa	1972	4506497	50.107	1773.498265	#DE8013
Croatia	Europe	1972	4225310	69.61	9164.090127	#B2DD7E
Hong Kong, China	Asia	1972	4115700	72	8315.928145	#BC9ECA
Rwanda	Africa	1972	3992121	44.6	590.5806638	#E3881D
Norway	Europe	1972	3933004	74.34	18965.05551	#BFE492
Chad	Africa	1972	3899068	45.569	1104.103987	#DA7D12
Somalia	Africa	1972	3840161	40.973	1254.576127	#E58C23
Bosnia and Herzegovina	Europe	1972	3819000	67.45	2860.16975	#CCE9A7
Guinea	Africa	1972	3811387	38.842	741.6662307	#E18417
El Salvador	Americas	1972	3790903	58.207	4520.246008	#FBA35B
Burundi	Africa	1972	3529983	44.057	464.0995039	#E79029
Israel	Asia	1972	3095893	71.63	12786.93223	#C2A5CF
Ireland	Europe	1972	3024400	71.28	9530.772896	#C6E79C
Honduras	Americas	1972	2965146	53.884	2529.842345	#FDB668
New Zealand	Oceania	1972	2929100	71.89	16046.03728	#4575B4
Sierra Leone	Africa	1972	2879013	35.4	1353.759762	#EA952F
Puerto Rico	Americas	1972	2847132	72.16	9123.041742	#FA9856
Uruguay	Americas	1972	2829526	68.673	5703.408898	#F88D51
Benin	Africa	1972	2761407	47.014	1085.796879	#EC9936
Lebanon	Asia	1972	2680018	65.421	7486.384341	#C6AAD2
Paraguay	Americas	1972	2614104	65.815	2523.337977	#FDAE61
Albania	Europe	1972	2263554	67.69	3313.422188	#D9EFBB
Eritrea	Africa	1972	2260187	44.142	514.3242082	#EE9D3C
Libya	Africa	1972	2183877	52.773	21011.49721	#F7AE55
Nicaragua	Americas	1972	2182908	55.151	4688.593267	#FDC778
Singapore	Asia	1972	2152400	69.521	8597.756202	#CBB0D5
Togo	Africa	1972	2056351	49.759	1649.660188	#F3A548
Jamaica	Americas	1972	1997616	69	7433.889293	#FDBE70
Central African Republic	Africa	1972	1927260	43.457	1070.013275	#F1A142
Costa Rica	Americas	1972	1834796	67.849	5118.146939	#FDD788
Slovenia	Europe	1972	1694510	69.82	12383.4862	#D2ECB1
Panama	Americas	1972	1616384	66.216	5364.249663	#FDCF80
Jordan	Asia	1972	1613551	56.528	2110.856309	#D9C2DE
Liberia	Africa	1972	1482628	42.614	803.0054535	#FAB25B
Congo, Rep.	Africa	1972	1340458	54.907	3213.152683	#FCB661
Mauritania	Africa	1972	1332786	48.437	1586.851781	#F5AA4E
Mongolia	Asia	1972	1320500	53.754	1421.741975	#D4BCDB
Lesotho	Africa	1972	1116779	49.767	496.5815922	#FDBA67
West Bank and Gaza	Asia	1972	1089572	56.532	3133.409277	#CFB6D8
Trinidad and Tobago	Americas	1972	975199	65.9	6619.551419	#FEE090
Mauritius	Africa	1972	851334	62.944	2575.484158	#FDC074
Kuwait	Asia	1972	841934	67.712	109347.867	#E2CEE4
Oman	Asia	1972	829050	52.143	10618.03855	#DDC8E1
Namibia	Africa	1972	821782	53.867	3746.080948	#FDC37B
Guinea-Bissau	Africa	1972	625361	36.486	820.2245876	#FDBD6E
Botswana	Africa	1972	619351	56.024	2263.611114	#FDC681
Gabon	Africa	1972	537977	48.69	11401.94841	#FDCA88
Montenegro	Europe	1972	527678	70.636	7778.414017	#DFF2C5
Gambia	Africa	1972	517101	38.308	756.0868363	#FDD095
Swaziland	Africa	1972	480105	49.552	3364.836625	#FDCD8E
Reunion	Africa	1972	461633	64.274	5047.658563	#FDD39B
Equatorial Guinea	Africa	1972	277603	40.516	672.4122571	#FDD6A2
Comoros	Africa	1972	250027	48.944	1937.577675	#FDD9A8
Bahrain	Asia	1972	230800	63.3	18268.65839	#E7D4E8
Iceland	Europe	1972	209275	74.46	15798.06362	#E6F5D0
Djibouti	Africa	1972	178848	44.366	3694.212352	#FDDCAF
Sao Tome and Principe	Africa	1972	76595	56.48	1532.985254	#FEE0B6
China	Asia	1977	943455000	63.96736	741.2374699	#40004B
India	Asia	1977	6.34e+08	54.208	813.337323	#460552
United States	Americas	1977	220239000	73.38	24072.63213	#A50026
Indonesia	Asia	1977	136725000	52.702	1382.702056	#540F60
Brazil	Americas	1977	114313951	61.489	6660.118654	#AD0826
Japan	Asia	1977	113872473	75.38	16610.37701	#4D0A59
Bangladesh	Asia	1977	80428306	46.923	659.8772322	#5B1567
Germany	Europe	1977	78160773	72.5	20512.92123	#276419
Pakistan	Asia	1977	78152686	54.043	1175.921193	#611A6D
Mexico	Americas	1977	63759976	65.032	7674.929108	#B51026
Nigeria	Africa	1977	62209173	44.514	1981.951806	#7F3B08
United Kingdom	Europe	1977	56179000	72.76	17428.74846	#2C6A1A
Italy	Europe	1977	56059245	73.48	14255.98475	#31701B
France	Europe	1977	53165019	73.83	18292.63514	#36771C
Vietnam	Asia	1977	50533506	55.764	713.5371196	#681F75
Philippines	Asia	1977	46850962	60.06	2373.204287	#6F247B
Thailand	Asia	1977	44148285	62.494	1961.224635	#762A83
Turkey	Europe	1977	42404033	59.507	4269.122326	#468A1F
Egypt	Africa	1977	38783863	53.319	2785.493582	#833D07
Spain	Europe	1977	36439000	74.39	13236.92117	#3B7D1D
Korea, Rep.	Asia	1977	36436000	64.766	4657.22102	#7A3288
Iran	Asia	1977	35480679	57.702	11888.59508	#834492
Poland	Europe	1977	34621254	70.67	9508.141454	#41831E
Ethiopia	Africa	1977	34617799	44.51	556.8083834	#873F07
Myanmar	Asia	1977	31528087	56.059	371	#7E3B8C
South Africa	Africa	1977	27129932	55.527	8028.651439	#8B4107
Argentina	Americas	1977	26983828	68.481	10079.02674	#BE1826
Congo, Dem. Rep.	Africa	1977	26480870	47.804	795.757282	#8F4407
Colombia	Americas	1977	25094412	63.837	3815.80787	#CE2726
Canada	Americas	1977	23796400	74.21	22090.88306	#C62026
Romania	Europe	1977	21658597	69.46	9356.39724	#4B9020
Morocco	Africa	1977	18396941	55.73	2370.619976	#934607
Algeria	Africa	1977	17152804	58.014	4910.416756	#974807
Tanzania	Africa	1977	17129565	49.919	962.4922932	#9F4D06
Sudan	Africa	1977	17104986	47.8	2202.988423	#9B4A06
Taiwan	Asia	1977	16785196	70.59	5596.519826	#905EA1
Korea, Dem. Rep.	Asia	1977	16325320	67.159	4106.301249	#8B559B
Peru	Americas	1977	15990099	58.447	6281.290855	#D73027
Afghanistan	Asia	1977	14880372	38.438	786.11336	#9467A5
Kenya	Africa	1977	14500404	56.155	1267.613204	#A34F06
Sri Lanka	Asia	1977	14116836	65.949	1348.775651	#9970AB
Australia	Oceania	1977	14074100	73.49	18334.19751	#313695
Nepal	Asia	1977	13933198	46.748	694.1124398	#874D96
Netherlands	Europe	1977	13852989	75.24	21209.0592	#529624
Venezuela	Americas	1977	13503563	67.456	13143.95095	#E54E35
Malaysia	Asia	1977	12845381	65.256	3827.921571	#9E76AF
Iraq	Asia	1977	11882916	60.413	14688.23507	#A37DB3
Uganda	Africa	1977	11457758	50.35	843.7331372	#AB5406
Mozambique	Africa	1977	11127868	42.495	502.3197334	#A75106
Hungary	Europe	1977	10637171	69.95	11674.83737	#599C28
Chile	Americas	1977	10599793	67.052	4756.763836	#DB3A2B
Ghana	Africa	1977	10538093	51.756	993.2239571	#AF5606
Czech Republic	Europe	1977	10161915	70.71	14800.16062	#5FA12D
Belgium	Europe	1977	9821800	72.8	19117.97448	#66A731
Portugal	Europe	1977	9662600	70.41	10172.48572	#6DAD35
Cuba	Americas	1977	9537988	72.649	6380.494966	#E04430
Greece	Europe	1977	9308479	73.68	14195.52428	#74B33A
Bulgaria	Europe	1977	8797022	70.81	7612.240438	#7BB93E
Serbia	Europe	1977	8686367	70.3	12980.66956	#92C858
Yemen, Rep.	Asia	1977	8403990	44.175	1829.765177	#A883B8
Sweden	Europe	1977	8251648	75.44	18855.72521	#82BE45
Saudi Arabia	Asia	1977	8128505	58.69	34167.7626	#B291C1
Madagascar	Africa	1977	8007166	46.881	1544.228586	#B75C07
Cameroon	Africa	1977	7959865	49.355	1783.432873	#B35806
Syria	Asia	1977	7932503	61.195	3195.484582	#B797C6
Austria	Europe	1977	7568430	72.17	19749.4223	#8AC34F
Cote d'Ivoire	Africa	1977	7459574	52.374	2517.736547	#D0730F
Ecuador	Americas	1977	7278866	61.31	6679.62326	#EA5839
Cambodia	Asia	1977	6978607	31.22	524.9721832	#AD8ABD
Zimbabwe	Africa	1977	6642107	57.674	685.5876821	#CC6F0D
Mali	Africa	1977	6491649	41.714	686.3952693	#C2650A
Switzerland	Europe	1977	6316424	75.39	26982.29052	#9ACD62
Angola	Africa	1977	6162675	39.483	3008.647355	#BE6209
Tunisia	Africa	1977	6005061	59.837	3120.876811	#C5690B
Burkina Faso	Africa	1977	5889574	46.137	743.3870368	#BA5F08
Guatemala	Americas	1977	5703430	56.029	4879.992748	#F46D43
Niger	Africa	1977	5682086	41.291	808.8970728	#C96C0C
Malawi	Africa	1977	5637246	43.767	663.2236766	#D37610
Dominican Republic	Americas	1977	5302800	61.788	2681.9889	#F7824D
Senegal	Africa	1977	5260855	48.879	1561.769116	#D77911
Zambia	Africa	1977	5216550	51.386	1588.688299	#DE8013
Denmark	Europe	1977	5088419	74.69	20422.9015	#A2D26B
Bolivia	Americas	1977	5079716	50.023	3548.097832	#F57748
Haiti	Americas	1977	4908554	49.923	1874.298931	#EF623E
Slovak Republic	Europe	1977	4827803	70.45	10922.66404	#B9E188
Finland	Europe	1977	4738902	72.52	15605.42283	#AAD875
Rwanda	Africa	1977	4657072	45	670.0806011	#E3881D
Hong Kong, China	Asia	1977	4583700	73.6	11186.14125	#BC9ECA
Chad	Africa	1977	4388260	47.383	1133.98495	#DA7D12
Somalia	Africa	1977	4353666	41.974	1450.992513	#E58C23
Croatia	Europe	1977	4318673	70.64	11305.38517	#B2DD7E
El Salvador	Americas	1977	4282586	56.696	5138.922374	#FBA35B
Guinea	Africa	1977	4227026	40.762	874.6858643	#E18417
Bosnia and Herzegovina	Europe	1977	4086000	69.86	3528.481305	#CCE9A7
Norway	Europe	1977	4043205	75.37	23311.34939	#BFE492
Burundi	Africa	1977	3834415	45.91	556.1032651	#E79029
Israel	Asia	1977	3495918	73.06	13306.61921	#C2A5CF
Ireland	Europe	1977	3271900	72.03	11150.98113	#C6E79C
Benin	Africa	1977	3168267	49.19	1029.161251	#EC9936
New Zealand	Oceania	1977	3164900	72.22	16233.7177	#4575B4
Sierra Leone	Africa	1977	3140897	36.788	1348.285159	#EA952F
Lebanon	Asia	1977	3115787	66.099	8659.696836	#C6AAD2
Puerto Rico	Americas	1977	3080828	73.44	9770.524921	#FA9856
Honduras	Americas	1977	3055235	57.402	3203.208066	#FDB668
Paraguay	Americas	1977	2984494	66.353	3248.373311	#FDAE61
Uruguay	Americas	1977	2873520	69.481	6504.339663	#F88D51
Libya	Africa	1977	2721783	57.442	21951.21176	#F7AE55
Nicaragua	Americas	1977	2554598	57.47	5486.371089	#FDC778
Eritrea	Africa	1977	2512642	44.535	505.7538077	#EE9D3C
Albania	Europe	1977	2509048	68.93	3533.00391	#D9EFBB
Singapore	Asia	1977	2325300	70.795	11210.08948	#CBB0D5
Togo	Africa	1977	2308582	52.887	1532.776998	#F3A548
Central African Republic	Africa	1977	2167533	46.775	1109.374338	#F1A142
Jamaica	Americas	1977	2156814	70.11	6650.195573	#FDBE70
Costa Rica	Americas	1977	2108457	70.75	5926.876967	#FDD788
Jordan	Asia	1977	1937652	61.134	2852.351568	#D9C2DE
Panama	Americas	1977	1839782	68.681	5351.912144	#FDCF80
Slovenia	Europe	1977	1746919	70.97	15277.03017	#D2ECB1
Liberia	Africa	1977	1703617	43.764	640.3224383	#FAB25B
Congo, Rep.	Africa	1977	1536769	55.625	3259.178978	#FCB661
Mongolia	Asia	1977	1528000	55.491	1647.511665	#D4BCDB
Mauritania	Africa	1977	1456688	50.852	1497.492223	#F5AA4E
West Bank and Gaza	Asia	1977	1261091	60.765	3682.831494	#CFB6D8
Lesotho	Africa	1977	1251524	52.208	745.3695408	#FDBA67
Kuwait	Asia	1977	1140357	69.343	59265.47714	#E2CEE4
Trinidad and Tobago	Americas	1977	1039009	68.3	7899.554209	#FEE090
Oman	Asia	1977	1004533	57.367	11848.34392	#DDC8E1
Namibia	Africa	1977	977026	56.437	3876.485958	#FDC37B
Mauritius	Africa	1977	913025	64.93	3710.982963	#FDC074
Botswana	Africa	1977	781472	59.319	3214.857818	#FDC681
Guinea-Bissau	Africa	1977	745228	37.465	764.7259628	#FDBD6E
Gabon	Africa	1977	706367	52.79	21745.57328	#FDCA88
Gambia	Africa	1977	608274	41.842	884.7552507	#FDD095
Montenegro	Europe	1977	560073	73.066	9595.929905	#DFF2C5
Swaziland	Africa	1977	551425	52.537	3781.410618	#FDCD8E
Reunion	Africa	1977	492095	67.064	4319.804067	#FDD39B
Comoros	Africa	1977	304739	50.939	1172.603047	#FDD9A8
Bahrain	Asia	1977	297410	65.593	19340.10196	#E7D4E8
Djibouti	Africa	1977	228694	46.519	3081.761022	#FDDCAF
Iceland	Europe	1977	221823	76.11	19654.96247	#E6F5D0
Equatorial Guinea	Africa	1977	192675	42.024	958.5668124	#FDD6A2
Sao Tome and Principe	Africa	1977	86796	58.55	1737.561657	#FEE0B6
China	Asia	1982	1000281000	65.525	962.4213805	#40004B
India	Asia	1982	7.08e+08	56.596	855.7235377	#460552
United States	Americas	1982	232187835	74.65	25009.55914	#A50026
Indonesia	Asia	1982	153343000	56.159	1516.872988	#540F60
Brazil	Americas	1982	128962939	63.336	7030.835878	#AD0826
Japan	Asia	1982	118454974	77.11	19384.10571	#4D0A59
Bangladesh	Asia	1982	93074406	50.009	676.9818656	#5B1567
Pakistan	Asia	1982	91462088	56.158	1443.429832	#611A6D
Germany	Europe	1982	78335266	73.8	22031.53274	#276419
Nigeria	Africa	1982	73039376	45.826	1576.97375	#7F3B08
Mexico	Americas	1982	71640904	67.405	9611.147541	#B51026
Italy	Europe	1982	56535636	74.98	16537.4835	#31701B
United Kingdom	Europe	1982	56339704	74.04	18232.42452	#2C6A1A
Vietnam	Asia	1982	56142181	58.816	707.2357863	#681F75
France	Europe	1982	54433565	74.89	20293.89746	#36771C
Philippines	Asia	1982	53456774	62.082	2603.273765	#6F247B
Thailand	Asia	1982	48827160	64.597	2393.219781	#762A83
Turkey	Europe	1982	47328791	61.036	4241.356344	#468A1F
Egypt	Africa	1982	45681811	56.006	3503.729636	#833D07
Iran	Asia	1982	43072751	59.62	7608.334602	#834492
Korea, Rep.	Asia	1982	39326000	67.123	5622.942464	#7A3288
Ethiopia	Africa	1982	38111756	44.916	577.8607471	#873F07
Spain	Europe	1982	37983310	76.3	13926.16997	#3B7D1D
Poland	Europe	1982	36227381	71.32	8451.531004	#41831E
Myanmar	Asia	1982	34680442	58.056	424	#7E3B8C
South Africa	Africa	1982	31140029	58.161	8568.266228	#8B4107
Congo, Dem. Rep.	Africa	1982	30646495	47.784	673.7478181	#8F4407
Argentina	Americas	1982	29341374	69.942	8997.897412	#BE1826
Colombia	Americas	1982	27764644	66.653	4397.575659	#CE2726
Canada	Americas	1982	25201900	75.76	22898.79214	#C62026
Romania	Europe	1982	22356726	69.66	9605.314053	#4B9020
Sudan	Africa	1982	20367053	50.338	1895.544073	#9B4A06
Morocco	Africa	1982	20198730	59.65	2702.620356	#934607
Algeria	Africa	1982	20033753	61.368	5745.160213	#974807
Tanzania	Africa	1982	19844382	50.608	874.2426069	#9F4D06
Taiwan	Asia	1982	18501390	72.16	7426.354774	#905EA1
Peru	Americas	1982	18125129	61.406	6434.501797	#D73027
Kenya	Africa	1982	17661452	58.766	1348.225791	#A34F06
Korea, Dem. Rep.	Asia	1982	17647518	69.1	4106.525293	#8B559B
Nepal	Asia	1982	15796314	49.594	718.3730947	#874D96
Venezuela	Americas	1982	15620766	68.557	11152.41011	#E54E35
Sri Lanka	Asia	1982	15410151	68.757	1648.079789	#9970AB
Australia	Oceania	1982	15184200	74.74	19477.00928	#313695
Malaysia	Asia	1982	14441916	68	4920.355951	#9E76AF
Netherlands	Europe	1982	14310401	76.05	21399.46046	#529624
Iraq	Asia	1982	14173318	62.038	14517.90711	#A37DB3
Uganda	Africa	1982	12939400	49.849	682.2662268	#AB5406
Afghanistan	Asia	1982	12881816	39.854	978.0114388	#9467A5
Mozambique	Africa	1982	12587223	42.795	462.2114149	#A75106
Chile	Americas	1982	11487112	70.565	5095.665738	#DB3A2B
Ghana	Africa	1982	11400338	53.744	876.032569	#AF5606
Saudi Arabia	Asia	1982	11254672	63.012	33693.17525	#B291C1
Hungary	Europe	1982	10705535	69.39	12545.99066	#599C28
Czech Republic	Europe	1982	10303704	70.96	15377.22855	#5FA12D
Portugal	Europe	1982	9859650	72.77	11753.84291	#6DAD35
Belgium	Europe	1982	9856303	73.93	20979.84589	#66A731
Cuba	Americas	1982	9789224	73.717	7316.918107	#E04430
Greece	Europe	1982	9786480	75.24	15268.42089	#74B33A
Yemen, Rep.	Asia	1982	9657618	49.113	1977.55701	#A883B8
Syria	Asia	1982	9410494	64.59	3761.837715	#B797C6
Cameroon	Africa	1982	9250831	52.961	2367.983282	#B35806
Madagascar	Africa	1982	9171477	48.969	1302.878658	#B75C07
Serbia	Europe	1982	9032824	70.162	15181.0927	#92C858
Cote d'Ivoire	Africa	1982	9025951	53.983	2602.710169	#D0730F
Bulgaria	Europe	1982	8892098	71.08	8224.191647	#7BB93E
Ecuador	Americas	1982	8365850	64.342	7213.791267	#EA5839
Sweden	Europe	1982	8325260	76.42	20667.38125	#82BE45
Zimbabwe	Africa	1982	7636524	60.363	788.8550411	#CC6F0D
Austria	Europe	1982	7574613	73.18	21597.08362	#8AC34F
Cambodia	Asia	1982	7272485	50.957	624.4754784	#AD8ABD
Angola	Africa	1982	7016384	39.942	2756.953672	#BE6209
Mali	Africa	1982	6998256	43.916	618.0140641	#C2650A
Tunisia	Africa	1982	6734098	64.048	3560.233174	#C5690B
Burkina Faso	Africa	1982	6634596	48.122	807.1985855	#BA5F08
Malawi	Africa	1982	6502825	45.642	632.8039209	#D37610
Switzerland	Europe	1982	6468126	76.21	28397.71512	#9ACD62
Niger	Africa	1982	6437188	42.598	909.7221354	#C96C0C
Guatemala	Americas	1982	6395630	58.137	4820.49479	#F46D43
Senegal	Africa	1982	6147783	52.379	1518.479984	#D77911
Zambia	Africa	1982	6100407	51.821	1408.678565	#DE8013
Dominican Republic	Americas	1982	5968349	63.727	2861.092386	#F7824D
Somalia	Africa	1982	5828892	42.955	1176.807031	#E58C23
Bolivia	Americas	1982	5642224	53.859	3156.510452	#F57748
Rwanda	Africa	1982	5507565	46.218	881.5706467	#E3881D
Hong Kong, China	Asia	1982	5264500	75.45	14560.53051	#BC9ECA
Haiti	Americas	1982	5198399	51.461	2011.159549	#EF623E
Denmark	Europe	1982	5117810	74.63	21688.04048	#A2D26B
Slovak Republic	Europe	1982	5048043	70.8	11348.54585	#B9E188
Chad	Africa	1982	4875118	49.517	797.9081006	#DA7D12
Finland	Europe	1982	4826933	74.55	18533.15761	#AAD875
Guinea	Africa	1982	4710497	42.891	857.2503577	#E18417
Burundi	Africa	1982	4580410	47.471	559.603231	#E79029
El Salvador	Americas	1982	4474873	56.604	4098.344175	#FBA35B
Croatia	Europe	1982	4413368	70.46	13221.82184	#B2DD7E
Bosnia and Herzegovina	Europe	1982	4172693	70.69	4126.613157	#CCE9A7
Norway	Europe	1982	4114787	75.97	26298.63531	#BFE492
Israel	Asia	1982	3858421	74.45	15367.0292	#C2A5CF
Honduras	Americas	1982	3669448	60.909	3121.760794	#FDB668
Benin	Africa	1982	3641603	50.904	1277.897616	#EC9936
Ireland	Europe	1982	3480000	73.1	12618.32141	#C6E79C
Sierra Leone	Africa	1982	3464522	38.445	1465.010784	#EA952F
Paraguay	Americas	1982	3366439	66.874	4258.503604	#FDAE61
Libya	Africa	1982	3344074	62.155	17364.27538	#F7AE55
Puerto Rico	Americas	1982	3279001	73.75	10330.98915	#FA9856
New Zealand	Oceania	1982	3210650	73.84	17632.4104	#4575B4
Lebanon	Asia	1982	3086876	66.983	7640.519521	#C6AAD2
Nicaragua	Americas	1982	2979423	59.298	3470.338156	#FDC778
Uruguay	Americas	1982	2953997	70.805	6920.223051	#F88D51
Albania	Europe	1982	2780097	70.42	3630.880722	#D9EFBB
Singapore	Asia	1982	2651869	71.76	15169.16112	#CBB0D5
Togo	Africa	1982	2644765	55.471	1344.577953	#F3A548
Eritrea	Africa	1982	2637297	43.89	524.8758493	#EE9D3C
Central African Republic	Africa	1982	2476971	48.295	956.7529907	#F1A142
Costa Rica	Americas	1982	2424367	73.45	5262.734751	#FDD788
Jordan	Asia	1982	2347031	63.739	4161.415959	#D9C2DE
Jamaica	Americas	1982	2298309	71.21	6068.05135	#FDBE70
Panama	Americas	1982	2036305	70.472	7009.601598	#FDCF80
Liberia	Africa	1982	1956875	44.852	572.1995694	#FAB25B
Slovenia	Europe	1982	1861252	71.063	17866.72175	#D2ECB1
Congo, Rep.	Africa	1982	1774735	56.695	4879.507522	#FCB661
Mongolia	Asia	1982	1756032	57.489	2000.603139	#D4BCDB
Mauritania	Africa	1982	1622136	53.599	1481.150189	#F5AA4E
Kuwait	Asia	1982	1497494	71.309	31354.03573	#E2CEE4
West Bank and Gaza	Asia	1982	1425876	64.406	4336.032082	#CFB6D8
Lesotho	Africa	1982	1411807	55.078	797.2631074	#FDBA67
Oman	Asia	1982	1301048	62.728	12954.79101	#DDC8E1
Trinidad and Tobago	Americas	1982	1116479	68.832	9119.528607	#FEE090
Namibia	Africa	1982	1099010	58.968	4191.100511	#FDC37B
Mauritius	Africa	1982	992040	66.711	3688.037739	#FDC074
Botswana	Africa	1982	970347	61.484	4551.14215	#FDC681
Guinea-Bissau	Africa	1982	825987	39.327	838.1239671	#FDBD6E
Gabon	Africa	1982	753874	56.564	15113.36194	#FDCA88
Gambia	Africa	1982	715523	45.58	835.8096108	#FDD095
Swaziland	Africa	1982	649901	55.561	3895.384018	#FDCD8E
Montenegro	Europe	1982	562548	74.101	11222.58762	#DFF2C5
Reunion	Africa	1982	517810	69.885	5267.219353	#FDD39B
Bahrain	Asia	1982	377967	69.052	19211.14731	#E7D4E8
Comoros	Africa	1982	348643	52.933	1267.100083	#FDD9A8
Djibouti	Africa	1982	305991	48.812	2879.468067	#FDDCAF
Equatorial Guinea	Africa	1982	285483	43.662	927.8253427	#FDD6A2
Iceland	Europe	1982	233997	76.99	23269.6075	#E6F5D0
Sao Tome and Principe	Africa	1982	98593	60.351	1890.218117	#FEE0B6
China	Asia	1987	1084035000	67.274	1378.904018	#40004B
India	Asia	1987	7.88e+08	58.553	976.5126756	#460552
United States	Americas	1987	242803533	75.02	29884.35041	#A50026
Indonesia	Asia	1987	169276000	60.137	1748.356961	#540F60
Brazil	Americas	1987	142938076	65.205	7807.095818	#AD0826
Japan	Asia	1987	122091325	78.67	22375.94189	#4D0A59
Pakistan	Asia	1987	105186881	58.245	1704.686583	#611A6D
Bangladesh	Asia	1987	103764241	52.819	751.9794035	#5B1567
Nigeria	Africa	1987	81551520	46.886	1385.029563	#7F3B08
Mexico	Americas	1987	80122492	69.498	8688.156003	#B51026
Germany	Europe	1987	77718298	74.847	24639.18566	#276419
Vietnam	Asia	1987	62826491	62.82	820.7994449	#681F75
Philippines	Asia	1987	60017788	64.151	2189.634995	#6F247B
United Kingdom	Europe	1987	56981620	75.007	21664.78767	#2C6A1A
Italy	Europe	1987	56729703	76.42	19207.23482	#31701B
France	Europe	1987	55630100	76.34	22066.44214	#36771C
Thailand	Asia	1987	52910342	66.084	2982.653773	#762A83
Turkey	Europe	1987	52881328	63.108	5089.043686	#468A1F
Egypt	Africa	1987	52799062	59.797	3885.46071	#833D07
Iran	Asia	1987	51889696	63.04	6642.881371	#834492
Ethiopia	Africa	1987	42999530	46.684	573.7413142	#873F07
Korea, Rep.	Asia	1987	41622000	69.81	8533.088805	#7A3288
Spain	Europe	1987	38880702	76.9	15764.98313	#3B7D1D
Myanmar	Asia	1987	38028578	58.339	385	#7E3B8C
Poland	Europe	1987	37740710	70.98	9082.351172	#41831E
South Africa	Africa	1987	35933379	60.834	7825.823398	#8B4107
Congo, Dem. Rep.	Africa	1987	35481645	47.412	672.774812	#8F4407
Argentina	Americas	1987	31620918	70.774	9139.671389	#BE1826
Colombia	Americas	1987	30964245	67.768	4903.2191	#CE2726
Canada	Americas	1987	26549700	76.86	26626.51503	#C62026
Sudan	Africa	1987	24725960	51.744	1507.819159	#9B4A06
Algeria	Africa	1987	23254956	65.799	5681.358539	#974807
Tanzania	Africa	1987	23040630	51.535	831.8220794	#9F4D06
Morocco	Africa	1987	22987397	62.677	2755.046991	#934607
Romania	Europe	1987	22686371	69.53	9696.273295	#4B9020
Kenya	Africa	1987	21198082	59.339	1361.936856	#A34F06
Peru	Americas	1987	20195924	64.134	6360.943444	#D73027
Taiwan	Asia	1987	19757799	73.4	11054.56175	#905EA1
Korea, Dem. Rep.	Asia	1987	19067554	70.647	4106.492315	#8B559B
Nepal	Asia	1987	17917180	52.537	775.6324501	#874D96
Venezuela	Americas	1987	17910182	70.19	9883.584648	#E54E35
Iraq	Asia	1987	16543189	65.044	11643.57268	#A37DB3
Sri Lanka	Asia	1987	16495304	69.011	1876.766827	#9970AB
Malaysia	Asia	1987	16331785	69.5	5249.802653	#9E76AF
Australia	Oceania	1987	16257249	76.32	21888.88903	#313695
Uganda	Africa	1987	15283050	51.509	617.7244065	#AB5406
Netherlands	Europe	1987	14665278	76.83	23651.32361	#529624
Saudi Arabia	Asia	1987	14619745	66.295	21198.26136	#B291C1
Ghana	Africa	1987	14168101	55.729	847.0061135	#AF5606
Afghanistan	Asia	1987	13867957	40.822	852.3959448	#9467A5
Mozambique	Africa	1987	12891952	42.861	389.8761846	#A75106
Chile	Americas	1987	12463354	72.492	5547.063754	#DB3A2B
Syria	Asia	1987	11242847	66.974	3116.774285	#B797C6
Yemen, Rep.	Asia	1987	11219340	52.922	1971.741538	#A883B8
Cameroon	Africa	1987	10780667	54.985	2602.664206	#B35806
Cote d'Ivoire	Africa	1987	10761098	54.655	2156.956069	#D0730F
Hungary	Europe	1987	10612740	69.58	12986.47998	#599C28
Madagascar	Africa	1987	10568642	49.35	1155.441948	#B75C07
Czech Republic	Europe	1987	10311597	71.58	16310.4434	#5FA12D
Cuba	Americas	1987	10239839	74.174	7532.924763	#E04430
Greece	Europe	1987	9974490	76.67	16120.52839	#74B33A
Portugal	Europe	1987	9915289	74.06	13039.30876	#6DAD35
Belgium	Europe	1987	9870200	75.35	22525.56308	#66A731
Ecuador	Americas	1987	9545158	67.231	6481.776993	#EA5839
Serbia	Europe	1987	9230783	71.218	15870.87851	#92C858
Zimbabwe	Africa	1987	9216418	62.351	706.1573059	#CC6F0D
Bulgaria	Europe	1987	8971958	71.34	8239.854824	#7BB93E
Sweden	Europe	1987	8421403	77.19	23586.92927	#82BE45
Cambodia	Asia	1987	8371791	53.914	683.8955732	#AD8ABD
Angola	Africa	1987	7874230	39.906	2430.208311	#BE6209
Malawi	Africa	1987	7824747	47.457	635.5173634	#D37610
Tunisia	Africa	1987	7724976	66.894	3810.419296	#C5690B
Mali	Africa	1987	7634008	46.364	684.1715576	#C2650A
Burkina Faso	Africa	1987	7586551	49.557	912.0631417	#BA5F08
Austria	Europe	1987	7578903	74.94	23687.82607	#8AC34F
Niger	Africa	1987	7332638	44.555	668.3000228	#C96C0C
Guatemala	Americas	1987	7326406	60.782	4246.485974	#F46D43
Zambia	Africa	1987	7272406	50.821	1213.315116	#DE8013
Senegal	Africa	1987	7171347	55.769	1441.72072	#D77911
Somalia	Africa	1987	6921858	44.501	1093.244963	#E58C23
Dominican Republic	Americas	1987	6655297	66.046	2899.842175	#F7824D
Switzerland	Europe	1987	6649942	77.41	30281.70459	#9ACD62
Rwanda	Africa	1987	6349365	44.02	847.991217	#E3881D
Bolivia	Americas	1987	6156369	57.251	2753.69149	#F57748
Haiti	Americas	1987	5756203	53.636	1823.015995	#EF623E
Guinea	Africa	1987	5650262	45.552	805.5724718	#E18417
Hong Kong, China	Asia	1987	5584510	76.2	20038.47269	#BC9ECA
Chad	Africa	1987	5498955	51.051	952.386129	#DA7D12
Slovak Republic	Europe	1987	5199318	71.08	12037.26758	#B9E188
Denmark	Europe	1987	5127024	74.8	25116.17581	#A2D26B
Burundi	Africa	1987	5126023	48.211	621.8188189	#E79029
Finland	Europe	1987	4931729	74.83	21141.01223	#AAD875
El Salvador	Americas	1987	4842194	63.154	4140.442097	#FBA35B
Croatia	Europe	1987	4484310	71.52	13822.58394	#B2DD7E
Honduras	Americas	1987	4372203	64.492	3023.096699	#FDB668
Bosnia and Herzegovina	Europe	1987	4338977	71.14	4314.114757	#CCE9A7
Benin	Africa	1987	4243788	52.337	1225.85601	#EC9936
Israel	Asia	1987	4203148	75.6	17122.47986	#C2A5CF
Norway	Europe	1987	4186147	75.89	31540.9748	#BFE492
Paraguay	Americas	1987	3886512	67.378	3998.875695	#FDAE61
Sierra Leone	Africa	1987	3868905	40.006	1294.447788	#EA952F
Libya	Africa	1987	3799845	66.234	11770.5898	#F7AE55
Ireland	Europe	1987	3539900	74.36	13872.86652	#C6E79C
Puerto Rico	Americas	1987	3444468	74.63	12281.34191	#FA9856
Nicaragua	Americas	1987	3344353	62.008	2955.984375	#FDC778
New Zealand	Oceania	1987	3317166	74.32	19007.19129	#4575B4
Togo	Africa	1987	3154264	56.941	1202.201361	#F3A548
Lebanon	Asia	1987	3089353	67.926	5377.091329	#C6AAD2
Albania	Europe	1987	3075321	72	3738.932735	#D9EFBB
Uruguay	Americas	1987	3045153	71.918	7452.398969	#F88D51
Eritrea	Africa	1987	2915959	46.453	521.1341333	#EE9D3C
Central African Republic	Africa	1987	2840009	50.485	844.8763504	#F1A142
Jordan	Asia	1987	2820042	65.869	4448.679912	#D9C2DE
Costa Rica	Americas	1987	2799811	74.752	5629.915318	#FDD788
Singapore	Asia	1987	2794552	73.56	18861.53081	#CBB0D5
Jamaica	Americas	1987	2326606	71.77	6351.237495	#FDBE70
Liberia	Africa	1987	2269414	46.027	506.1138573	#FAB25B
Panama	Americas	1987	2253639	71.523	7034.779161	#FDCF80
Congo, Rep.	Africa	1987	2064095	57.47	4201.194937	#FCB661
Mongolia	Asia	1987	2015133	60.222	2338.008304	#D4BCDB
Slovenia	Europe	1987	1945870	72.25	18678.53492	#D2ECB1
Kuwait	Asia	1987	1891487	74.174	28118.42998	#E2CEE4
Mauritania	Africa	1987	1841240	56.145	1421.603576	#F5AA4E
West Bank and Gaza	Asia	1987	1691210	67.046	5107.197384	#CFB6D8
Lesotho	Africa	1987	1599200	57.18	773.9932141	#FDBA67
Oman	Asia	1987	1593882	67.734	18115.22313	#DDC8E1
Namibia	Africa	1987	1278184	60.835	3693.731337	#FDC37B
Trinidad and Tobago	Americas	1987	1191336	69.582	7388.597823	#FEE090
Botswana	Africa	1987	1151184	63.622	6205.88385	#FDC681
Mauritius	Africa	1987	1042663	68.74	4783.586903	#FDC074
Guinea-Bissau	Africa	1987	927524	41.245	736.4153921	#FDBD6E
Gabon	Africa	1987	880397	60.19	11864.40844	#FDCA88
Gambia	Africa	1987	848406	49.265	611.6588611	#FDD095
Swaziland	Africa	1987	779348	57.678	3984.839812	#FDCD8E
Montenegro	Europe	1987	569473	74.865	11732.51017	#DFF2C5
Reunion	Africa	1987	562035	71.913	5303.377488	#FDD39B
Bahrain	Asia	1987	454612	70.75	18524.02406	#E7D4E8
Comoros	Africa	1987	395114	54.926	1315.980812	#FDD9A8
Equatorial Guinea	Africa	1987	341244	45.664	966.8968149	#FDD6A2
Djibouti	Africa	1987	311025	50.04	2880.102568	#FDDCAF
Iceland	Europe	1987	244676	77.23	26923.20628	#E6F5D0
Sao Tome and Principe	Africa	1987	110812	61.728	1516.525457	#FEE0B6
China	Asia	1992	1164970000	68.69	1655.784158	#40004B
India	Asia	1992	8.72e+08	60.223	1164.406809	#460552
United States	Americas	1992	256894189	76.09	32003.93224	#A50026
Indonesia	Asia	1992	184816000	62.681	2383.140898	#540F60
Brazil	Americas	1992	155975974	67.057	6950.283021	#AD0826
Japan	Asia	1992	124329269	79.36	26824.89511	#4D0A59
Pakistan	Asia	1992	120065004	60.838	1971.829464	#611A6D
Bangladesh	Asia	1992	113704579	56.018	837.8101643	#5B1567
Nigeria	Africa	1992	93364244	47.472	1619.848217	#7F3B08
Mexico	Americas	1992	88111030	71.455	9472.384295	#B51026
Germany	Europe	1992	80597764	76.07	26505.30317	#276419
Vietnam	Asia	1992	69940728	67.662	989.0231487	#681F75
Philippines	Asia	1992	67185766	66.458	2279.324017	#6F247B
Iran	Asia	1992	60397973	65.742	7235.653188	#834492
Egypt	Africa	1992	59402198	63.674	3794.755195	#833D07
Turkey	Europe	1992	58179144	66.146	5678.348271	#468A1F
United Kingdom	Europe	1992	57866349	76.42	22705.09254	#2C6A1A
France	Europe	1992	57374179	77.46	24703.79615	#36771C
Italy	Europe	1992	56840847	77.44	22013.64486	#31701B
Thailand	Asia	1992	56667095	67.298	4616.896545	#762A83
Ethiopia	Africa	1992	52088559	48.091	421.3534653	#873F07
Korea, Rep.	Asia	1992	43805450	72.244	12104.27872	#7A3288
Congo, Dem. Rep.	Africa	1992	41672143	45.548	457.7191807	#8F4407
Myanmar	Asia	1992	40546538	59.32	347	#7E3B8C
South Africa	Africa	1992	39964159	61.888	7225.069258	#8B4107
Spain	Europe	1992	39549438	77.57	18603.06452	#3B7D1D
Poland	Europe	1992	38370697	70.99	7738.881247	#41831E
Colombia	Americas	1992	34202721	68.421	5444.648617	#CE2726
Argentina	Americas	1992	33958947	71.868	9308.41871	#BE1826
Canada	Americas	1992	28523502	77.95	26342.88426	#C62026
Sudan	Africa	1992	28227588	53.556	1492.197043	#9B4A06
Tanzania	Africa	1992	26605473	50.44	825.682454	#9F4D06
Algeria	Africa	1992	26298373	67.744	5023.216647	#974807
Morocco	Africa	1992	25798239	65.393	2948.047252	#934607
Kenya	Africa	1992	25020539	59.285	1341.921721	#A34F06
Romania	Europe	1992	22797027	69.36	6598.409903	#4B9020
Peru	Americas	1992	22430449	66.458	4446.380924	#D73027
Korea, Dem. Rep.	Asia	1992	20711375	69.978	3726.063507	#8B559B
Taiwan	Asia	1992	20686918	74.26	15215.6579	#905EA1
Nepal	Asia	1992	20326209	55.727	897.7403604	#874D96
Venezuela	Americas	1992	20265563	71.15	10733.92631	#E54E35
Malaysia	Asia	1992	18319502	70.693	7277.912802	#9E76AF
Uganda	Africa	1992	18252190	48.825	644.1707969	#AB5406
Iraq	Asia	1992	17861905	59.461	3745.640687	#A37DB3
Sri Lanka	Asia	1992	17587060	70.379	2153.739222	#9970AB
Australia	Oceania	1992	17481977	77.56	23424.76683	#313695
Saudi Arabia	Asia	1992	16945857	68.768	24841.61777	#B291C1
Afghanistan	Asia	1992	16317921	41.674	649.3413952	#9467A5
Ghana	Africa	1992	16278738	57.501	925.060154	#AF5606
Netherlands	Europe	1992	15174244	77.42	26790.94961	#529624
Chile	Americas	1992	13572994	74.126	7596.125964	#DB3A2B
Yemen, Rep.	Asia	1992	13367997	55.599	1879.496673	#A883B8
Syria	Asia	1992	13219062	69.249	3340.542768	#B797C6
Mozambique	Africa	1992	13160731	44.284	410.8968239	#A75106
Cote d'Ivoire	Africa	1992	12772596	52.044	1648.073791	#D0730F
Cameroon	Africa	1992	12467171	54.314	1793.163278	#B35806
Madagascar	Africa	1992	12210395	52.214	1040.67619	#B75C07
Ecuador	Americas	1992	10748394	69.613	7103.702595	#EA5839
Cuba	Americas	1992	10723260	74.414	5592.843963	#E04430
Zimbabwe	Africa	1992	10704340	60.377	693.4207856	#CC6F0D
Hungary	Europe	1992	10348684	69.17	10535.62855	#599C28
Greece	Europe	1992	10325429	77.03	17541.49634	#74B33A
Czech Republic	Europe	1992	10315702	72.4	14297.02122	#5FA12D
Cambodia	Asia	1992	10150094	55.803	682.3031755	#AD8ABD
Belgium	Europe	1992	10045622	76.46	25575.57069	#66A731
Malawi	Africa	1992	10014249	49.42	563.2000145	#D37610
Portugal	Europe	1992	9927680	74.86	16207.26663	#6DAD35
Serbia	Europe	1992	9826397	71.659	9325.068238	#92C858
Burkina Faso	Africa	1992	8878303	50.26	931.7527731	#BA5F08
Angola	Africa	1992	8735988	40.647	2627.845685	#BE6209
Sweden	Europe	1992	8718867	78.16	23880.01683	#82BE45
Bulgaria	Europe	1992	8658506	71.19	6302.623438	#7BB93E
Tunisia	Africa	1992	8523077	70.001	4332.720164	#C5690B
Guatemala	Americas	1992	8486949	63.373	4439.45084	#F46D43
Mali	Africa	1992	8416215	48.388	739.014375	#C2650A
Niger	Africa	1992	8392818	47.391	581.182725	#C96C0C
Zambia	Africa	1992	8381163	46.1	1210.884633	#DE8013
Senegal	Africa	1992	8307920	58.196	1367.899369	#D77911
Austria	Europe	1992	7914969	76.04	27042.01868	#8AC34F
Dominican Republic	Americas	1992	7351181	68.457	3044.214214	#F7824D
Rwanda	Africa	1992	7290203	23.599	737.0685949	#E3881D
Switzerland	Europe	1992	6995447	78.03	31871.5303	#9ACD62
Guinea	Africa	1992	6990574	48.576	794.3484384	#E18417
Bolivia	Americas	1992	6893451	59.957	2961.699694	#F57748
Chad	Africa	1992	6429417	51.724	1058.0643	#DA7D12
Haiti	Americas	1992	6326682	55.089	1456.309517	#EF623E
Somalia	Africa	1992	6099799	39.658	926.9602964	#E58C23
Hong Kong, China	Asia	1992	5829696	77.601	24757.60301	#BC9ECA
Burundi	Africa	1992	5809236	44.736	631.6998778	#E79029
Slovak Republic	Europe	1992	5302888	71.38	9498.467723	#B9E188
El Salvador	Americas	1992	5274649	66.798	4444.2317	#FBA35B
Denmark	Europe	1992	5171393	75.33	26406.73985	#A2D26B
Honduras	Americas	1992	5077347	66.399	3081.694603	#FDB668
Finland	Europe	1992	5041039	75.7	20647.16499	#AAD875
Benin	Africa	1992	4981671	53.919	1191.207681	#EC9936
Israel	Asia	1992	4936550	76.93	18051.52254	#C2A5CF
Croatia	Europe	1992	4494013	72.527	8447.794873	#B2DD7E
Paraguay	Americas	1992	4483945	68.225	4196.411078	#FDAE61
Libya	Africa	1992	4364501	68.755	9640.138501	#F7AE55
Norway	Europe	1992	4286357	77.32	33965.66115	#BFE492
Sierra Leone	Africa	1992	4260884	38.333	1068.696278	#EA952F
Bosnia and Herzegovina	Europe	1992	4256013	72.178	2546.781445	#CCE9A7
Nicaragua	Americas	1992	4017939	65.843	2170.151724	#FDC778
Jordan	Asia	1992	3867409	68.015	3431.593647	#D9C2DE
Togo	Africa	1992	3747553	58.061	1034.298904	#F3A548
Eritrea	Africa	1992	3668440	49.991	582.8585102	#EE9D3C
Puerto Rico	Americas	1992	3585176	73.911	14641.58711	#FA9856
Ireland	Europe	1992	3557761	75.467	17558.81555	#C6E79C
New Zealand	Oceania	1992	3437674	76.33	18363.32494	#4575B4
Albania	Europe	1992	3326498	71.581	2497.437901	#D9EFBB
Central African Republic	Africa	1992	3265124	49.396	747.9055252	#F1A142
Singapore	Asia	1992	3235865	75.788	24769.8912	#CBB0D5
Lebanon	Asia	1992	3219994	69.292	6890.806854	#C6AAD2
Costa Rica	Americas	1992	3173216	75.713	6160.416317	#FDD788
Uruguay	Americas	1992	3149262	72.752	8137.004775	#F88D51
Panama	Americas	1992	2484997	72.462	6618.74305	#FDCF80
Congo, Rep.	Africa	1992	2409073	56.433	4016.239529	#FCB661
Jamaica	Americas	1992	2378618	71.766	7404.923685	#FDBE70
Mongolia	Asia	1992	2312802	61.271	1785.402016	#D4BCDB
Mauritania	Africa	1992	2119465	58.333	1361.369784	#F5AA4E
West Bank and Gaza	Asia	1992	2104779	69.718	6017.654756	#CFB6D8
Slovenia	Europe	1992	1999210	73.64	14214.71681	#D2ECB1
Oman	Asia	1992	1915208	71.197	18616.70691	#DDC8E1
Liberia	Africa	1992	1912974	40.802	636.6229191	#FAB25B
Lesotho	Africa	1992	1803195	59.685	977.4862725	#FDBA67
Namibia	Africa	1992	1554253	61.999	3804.537999	#FDC37B
Kuwait	Asia	1992	1418095	75.19	34932.91959	#E2CEE4
Botswana	Africa	1992	1342614	62.745	7954.111645	#FDC681
Trinidad and Tobago	Americas	1992	1183669	69.862	7370.990932	#FEE090
Mauritius	Africa	1992	1096202	69.745	6058.253846	#FDC074
Guinea-Bissau	Africa	1992	1050938	43.266	745.5398706	#FDBD6E
Gambia	Africa	1992	1025384	52.644	665.6244126	#FDD095
Gabon	Africa	1992	985739	61.366	13522.15752	#FDCA88
Swaziland	Africa	1992	962344	58.474	3553.0224	#FDCD8E
Reunion	Africa	1992	622191	73.615	6101.255823	#FDD39B
Montenegro	Europe	1992	621621	75.435	7003.339037	#DFF2C5
Bahrain	Asia	1992	529491	72.601	19035.57917	#E7D4E8
Comoros	Africa	1992	454429	57.939	1246.90737	#FDD9A8
Equatorial Guinea	Africa	1992	387838	47.545	1132.055034	#FDD6A2
Djibouti	Africa	1992	384156	51.604	2377.156192	#FDDCAF
Iceland	Europe	1992	259012	78.77	25144.39201	#E6F5D0
Sao Tome and Principe	Africa	1992	125911	62.742	1428.777814	#FEE0B6
China	Asia	1997	1230075000	70.426	2289.234136	#40004B
India	Asia	1997	9.59e+08	61.765	1458.817442	#460552
United States	Americas	1997	272911760	76.81	35767.43303	#A50026
Indonesia	Asia	1997	199278000	66.041	3119.335603	#540F60
Brazil	Americas	1997	168546719	69.388	7957.980824	#AD0826
Pakistan	Asia	1997	135564834	61.818	2049.350521	#611A6D
Japan	Asia	1997	125956499	80.69	28816.58499	#4D0A59
Bangladesh	Asia	1997	123315288	59.412	972.7700352	#5B1567
Nigeria	Africa	1997	106207839	47.464	1624.941275	#7F3B08
Mexico	Americas	1997	95895146	73.67	9767.29753	#B51026
Germany	Europe	1997	82011073	77.34	27788.88416	#276419
Vietnam	Asia	1997	76048996	70.672	1385.896769	#681F75
Philippines	Asia	1997	75012988	68.564	2536.534925	#6F247B
Egypt	Africa	1997	66134291	67.217	4173.181797	#833D07
Iran	Asia	1997	63327987	68.042	8263.590301	#834492
Turkey	Europe	1997	63047647	68.835	6601.429915	#468A1F
Thailand	Asia	1997	60216677	67.521	5852.625497	#762A83
Ethiopia	Africa	1997	59861301	49.402	515.8894013	#873F07
United Kingdom	Europe	1997	58808266	77.218	26074.53136	#2C6A1A
France	Europe	1997	58623428	78.64	25889.78487	#36771C
Italy	Europe	1997	57479469	78.82	24675.02446	#31701B
Congo, Dem. Rep.	Africa	1997	47798986	42.587	312.188423	#8F4407
Korea, Rep.	Asia	1997	46173816	74.647	15993.52796	#7A3288
Myanmar	Asia	1997	43247867	60.328	415	#7E3B8C
South Africa	Africa	1997	42835005	60.236	7479.188244	#8B4107
Spain	Europe	1997	39855442	78.77	20445.29896	#3B7D1D
Poland	Europe	1997	38654957	72.75	10159.58368	#41831E
Colombia	Americas	1997	37657830	70.313	6117.361746	#CE2726
Argentina	Americas	1997	36203463	73.275	10967.28195	#BE1826
Sudan	Africa	1997	32160729	55.373	1632.210764	#9B4A06
Tanzania	Africa	1997	30686889	48.466	789.1862231	#9F4D06
Canada	Americas	1997	30305843	78.61	28954.92589	#C62026
Algeria	Africa	1997	29072015	69.152	4797.295051	#974807
Morocco	Africa	1997	28529501	67.66	2982.101858	#934607
Kenya	Africa	1997	28263827	54.407	1360.485021	#A34F06
Peru	Americas	1997	24748122	68.386	5838.347657	#D73027
Nepal	Asia	1997	23001113	59.426	1010.892138	#874D96
Romania	Europe	1997	22562458	69.72	7346.547557	#4B9020
Venezuela	Americas	1997	22374398	72.146	10165.49518	#E54E35
Afghanistan	Asia	1997	22227415	41.763	635.341351	#9467A5
Taiwan	Asia	1997	21628605	75.25	20206.82098	#905EA1
Korea, Dem. Rep.	Asia	1997	21585105	67.727	1690.756814	#8B559B
Saudi Arabia	Asia	1997	21229759	70.533	20586.69019	#B291C1
Uganda	Africa	1997	21210254	44.578	816.559081	#AB5406
Iraq	Asia	1997	20775703	58.811	3076.239795	#A37DB3
Malaysia	Asia	1997	20476091	71.938	10132.90964	#9E76AF
Sri Lanka	Asia	1997	18698655	70.457	2664.477257	#9970AB
Australia	Oceania	1997	18565243	78.83	26997.93657	#313695
Ghana	Africa	1997	18418288	58.556	1005.245812	#AF5606
Mozambique	Africa	1997	16603334	46.344	472.3460771	#A75106
Yemen, Rep.	Asia	1997	15826497	58.02	2117.484526	#A883B8
Netherlands	Europe	1997	15604464	78.03	30246.13063	#529624
Syria	Asia	1997	15081016	71.527	4014.238972	#B797C6
Cote d'Ivoire	Africa	1997	14625967	47.991	1786.265407	#D0730F
Chile	Americas	1997	14599929	75.816	10118.05318	#DB3A2B
Cameroon	Africa	1997	14195809	52.199	1694.337469	#B35806
Madagascar	Africa	1997	14165114	54.978	986.2958956	#B75C07
Ecuador	Americas	1997	11911819	72.312	7429.455877	#EA5839
Cambodia	Asia	1997	11782962	56.534	734.28517	#AD8ABD
Zimbabwe	Africa	1997	11404948	46.809	792.4499603	#CC6F0D
Cuba	Americas	1997	10983007	76.151	5431.990415	#E04430
Greece	Europe	1997	10502372	77.869	18747.69814	#74B33A
Malawi	Africa	1997	10419991	47.495	692.2758103	#D37610
Burkina Faso	Africa	1997	10352843	50.324	946.2949618	#BA5F08
Serbia	Europe	1997	10336594	72.232	7914.320304	#92C858
Czech Republic	Europe	1997	10300707	74.01	16048.51424	#5FA12D
Hungary	Europe	1997	10244684	71.04	11712.7768	#599C28
Belgium	Europe	1997	10199787	77.53	27561.19663	#66A731
Portugal	Europe	1997	10156415	75.97	17641.03156	#6DAD35
Angola	Africa	1997	9875024	40.963	2277.140884	#BE6209
Guatemala	Americas	1997	9803875	66.322	4684.313807	#F46D43
Niger	Africa	1997	9666252	51.313	580.3052092	#C96C0C
Senegal	Africa	1997	9535314	60.187	1392.368347	#D77911
Zambia	Africa	1997	9417789	40.238	1071.353818	#DE8013
Mali	Africa	1997	9384984	49.903	790.2579846	#C2650A
Tunisia	Africa	1997	9231669	71.973	4876.798614	#C5690B
Sweden	Europe	1997	8897619	79.39	25266.59499	#82BE45
Austria	Europe	1997	8069876	77.51	29095.92066	#8AC34F
Bulgaria	Europe	1997	8066057	70.32	5970.38876	#7BB93E
Guinea	Africa	1997	8048834	51.455	869.4497668	#E18417
Dominican Republic	Americas	1997	7992357	69.957	3614.101285	#F7824D
Bolivia	Americas	1997	7693188	62.05	3326.143191	#F57748
Chad	Africa	1997	7562011	51.573	1004.961353	#DA7D12
Rwanda	Africa	1997	7212583	36.087	589.9445051	#E3881D
Switzerland	Europe	1997	7193761	79.37	32135.32301	#9ACD62
Haiti	Americas	1997	6913545	56.671	1341.726931	#EF623E
Somalia	Africa	1997	6633514	43.795	930.5964284	#E58C23
Hong Kong, China	Asia	1997	6495918	80	28377.63219	#BC9ECA
Burundi	Africa	1997	6121610	45.326	463.1151478	#E79029
Benin	Africa	1997	6066080	54.777	1232.975292	#EC9936
Honduras	Americas	1997	5867957	67.659	3160.454906	#FDB668
El Salvador	Americas	1997	5783439	69.535	5154.825496	#FBA35B
Israel	Asia	1997	5531387	78.269	20896.60924	#C2A5CF
Slovak Republic	Europe	1997	5383010	72.71	12126.23065	#B9E188
Denmark	Europe	1997	5283663	76.11	29804.34567	#A2D26B
Paraguay	Americas	1997	5154123	69.4	4247.400261	#FDAE61
Finland	Europe	1997	5134406	77.13	23723.9502	#AAD875
Libya	Africa	1997	4759670	71.555	9467.446056	#F7AE55
Nicaragua	Americas	1997	4609572	68.426	2253.023004	#FDC778
Sierra Leone	Africa	1997	4578212	39.897	574.6481576	#EA952F
Jordan	Asia	1997	4526235	69.772	3645.379572	#D9C2DE
Croatia	Europe	1997	4444595	73.68	9875.604515	#B2DD7E
Norway	Europe	1997	4405672	78.32	41283.16433	#BFE492
Togo	Africa	1997	4320890	58.39	982.2869243	#F3A548
Eritrea	Africa	1997	4058319	53.378	913.47079	#EE9D3C
Singapore	Asia	1997	3802309	77.158	33519.4766	#CBB0D5
Puerto Rico	Americas	1997	3759430	74.917	16999.4333	#FA9856
Central African Republic	Africa	1997	3696513	46.066	740.5063317	#F1A142
New Zealand	Oceania	1997	3676187	77.55	21050.41377	#4575B4
Ireland	Europe	1997	3667233	76.122	24521.94713	#C6E79C
Bosnia and Herzegovina	Europe	1997	3607000	73.244	4766.355904	#CCE9A7
Costa Rica	Americas	1997	3518107	77.26	6677.045314	#FDD788
Lebanon	Asia	1997	3430388	70.265	8754.96385	#C6AAD2
Albania	Europe	1997	3428038	72.95	3193.054604	#D9EFBB
Uruguay	Americas	1997	3262838	74.223	9230.240708	#F88D51
West Bank and Gaza	Asia	1997	2826046	71.096	7110.667619	#CFB6D8
Congo, Rep.	Africa	1997	2800947	52.962	3484.164376	#FCB661
Panama	Americas	1997	2734531	73.738	7113.692252	#FDCF80
Jamaica	Americas	1997	2531311	72.262	7121.924704	#FDBE70
Mongolia	Asia	1997	2494803	63.625	1902.2521	#D4BCDB
Mauritania	Africa	1997	2444741	60.43	1483.136136	#F5AA4E
Oman	Asia	1997	2283635	72.499	19702.05581	#DDC8E1
Liberia	Africa	1997	2200725	42.221	609.1739508	#FAB25B
Slovenia	Europe	1997	2011612	75.13	17161.10735	#D2ECB1
Lesotho	Africa	1997	1982823	55.558	1186.147994	#FDBA67
Namibia	Africa	1997	1774766	58.909	3899.52426	#FDC37B
Kuwait	Asia	1997	1765345	76.156	40300.61996	#E2CEE4
Botswana	Africa	1997	1536536	52.556	8647.142313	#FDC681
Gambia	Africa	1997	1235767	55.861	653.7301704	#FDD095
Guinea-Bissau	Africa	1997	1193708	44.873	796.6644681	#FDBD6E
Mauritius	Africa	1997	1149818	70.736	7425.705295	#FDC074
Trinidad and Tobago	Americas	1997	1138101	69.465	8792.573126	#FEE090
Gabon	Africa	1997	1126189	60.461	14722.84188	#FDCA88
Swaziland	Africa	1997	1054486	54.289	3876.76846	#FDCD8E
Montenegro	Europe	1997	692651	75.445	6465.613349	#DFF2C5
Reunion	Africa	1997	684810	74.772	6071.941411	#FDD39B
Bahrain	Asia	1997	598561	73.925	20292.01679	#E7D4E8
Comoros	Africa	1997	527982	60.66	1173.618235	#FDD9A8
Equatorial Guinea	Africa	1997	439971	48.245	2814.480755	#FDD6A2
Djibouti	Africa	1997	417908	53.157	1895.016984	#FDDCAF
Iceland	Europe	1997	271192	78.95	28061.09966	#E6F5D0
Sao Tome and Principe	Africa	1997	145608	63.306	1339.076036	#FEE0B6
China	Asia	2002	1280400000	72.028	3119.280896	#40004B
India	Asia	2002	1034172547	62.879	1746.769454	#460552
United States	Americas	2002	287675526	77.31	39097.09955	#A50026
Indonesia	Asia	2002	211060000	68.588	2873.91287	#540F60
Brazil	Americas	2002	179914212	71.006	8131.212843	#AD0826
Pakistan	Asia	2002	153403524	63.61	2092.712441	#611A6D
Bangladesh	Asia	2002	135656790	62.013	1136.39043	#5B1567
Japan	Asia	2002	127065841	82	28604.5919	#4D0A59
Nigeria	Africa	2002	119901274	46.608	1615.286395	#7F3B08
Mexico	Americas	2002	102479927	74.902	10742.44053	#B51026
Philippines	Asia	2002	82995088	70.303	2650.921068	#6F247B
Germany	Europe	2002	82350671	78.67	30035.80198	#276419
Vietnam	Asia	2002	80908147	73.017	1764.456677	#681F75
Egypt	Africa	2002	73312559	69.806	4754.604414	#833D07
Ethiopia	Africa	2002	67946797	50.725	530.0535319	#873F07
Turkey	Europe	2002	67308928	70.845	6508.085718	#468A1F
Iran	Asia	2002	66907826	69.451	9240.761975	#834492
Thailand	Asia	2002	62806748	68.564	5913.187529	#762A83
France	Europe	2002	59925035	79.59	28926.03234	#36771C
United Kingdom	Europe	2002	59912431	78.471	29478.99919	#2C6A1A
Italy	Europe	2002	57926999	80.24	27968.09817	#31701B
Congo, Dem. Rep.	Africa	2002	55379852	44.966	241.1658765	#8F4407
Korea, Rep.	Asia	2002	47969150	77.045	19233.98818	#7A3288
Myanmar	Asia	2002	45598081	59.908	611	#7E3B8C
South Africa	Africa	2002	44433622	53.365	7710.946444	#8B4107
Colombia	Americas	2002	41008227	71.682	5755.259962	#CE2726
Spain	Europe	2002	40152517	79.78	24835.47166	#3B7D1D
Poland	Europe	2002	38625976	74.67	12002.23908	#41831E
Argentina	Americas	2002	38331121	74.34	8797.640716	#BE1826
Sudan	Africa	2002	37090298	56.369	1993.398314	#9B4A06
Tanzania	Africa	2002	34593779	49.651	899.0742111	#9F4D06
Canada	Americas	2002	31902268	79.77	33328.96507	#C62026
Kenya	Africa	2002	31386842	50.992	1287.514732	#A34F06
Algeria	Africa	2002	31287142	70.994	5288.040382	#974807
Morocco	Africa	2002	31167783	69.615	3258.495584	#934607
Peru	Americas	2002	26769436	69.906	5909.020073	#D73027
Nepal	Asia	2002	25873917	61.34	1057.206311	#874D96
Afghanistan	Asia	2002	25268405	42.129	726.7340548	#9467A5
Uganda	Africa	2002	24739869	47.813	927.7210018	#AB5406
Saudi Arabia	Asia	2002	24501530	71.626	19014.54118	#B291C1
Venezuela	Americas	2002	24287670	72.766	8605.047831	#E54E35
Iraq	Asia	2002	24001816	57.046	4390.717312	#A37DB3
Malaysia	Asia	2002	22662365	73.044	10206.97794	#9E76AF
Taiwan	Asia	2002	22454239	76.99	23235.42329	#905EA1
Romania	Europe	2002	22404337	71.322	7885.360081	#4B9020
Korea, Dem. Rep.	Asia	2002	22215365	66.662	1646.758151	#8B559B
Ghana	Africa	2002	20550751	58.453	1111.984578	#AF5606
Sri Lanka	Asia	2002	19576783	70.815	3015.378833	#9970AB
Australia	Oceania	2002	19546792	80.37	30687.75473	#313695
Yemen, Rep.	Asia	2002	18701257	60.308	2234.820827	#A883B8
Mozambique	Africa	2002	18473780	44.026	633.6179466	#A75106
Syria	Asia	2002	17155814	73.053	4090.925331	#B797C6
Madagascar	Africa	2002	16473477	57.286	894.6370822	#B75C07
Cote d'Ivoire	Africa	2002	16252726	46.832	1648.800823	#D0730F
Netherlands	Europe	2002	16122830	78.53	33724.75778	#529624
Cameroon	Africa	2002	15929988	49.856	1934.011449	#B35806
Chile	Americas	2002	15497046	77.86	10778.78385	#DB3A2B
Cambodia	Asia	2002	12926707	56.752	896.2260153	#AD8ABD
Ecuador	Americas	2002	12921234	74.173	5773.044512	#EA5839
Burkina Faso	Africa	2002	12251209	50.65	1037.645221	#BA5F08
Zimbabwe	Africa	2002	11926563	39.989	672.0386227	#CC6F0D
Malawi	Africa	2002	11824495	45.009	665.4231186	#D37610
Cuba	Americas	2002	11226999	77.158	6340.646683	#E04430
Guatemala	Americas	2002	11178650	68.978	4858.347495	#F46D43
Niger	Africa	2002	11140655	54.496	601.0745012	#C96C0C
Senegal	Africa	2002	10870037	61.6	1519.635262	#D77911
Angola	Africa	2002	10866106	41.003	2773.287312	#BE6209
Greece	Europe	2002	10603863	78.256	22514.2548	#74B33A
Zambia	Africa	2002	10595811	39.193	1071.613938	#DE8013
Mali	Africa	2002	10580176	51.818	951.4097518	#C2650A
Portugal	Europe	2002	10433867	77.29	19970.90787	#6DAD35
Belgium	Europe	2002	10311970	78.32	30485.88375	#66A731
Czech Republic	Europe	2002	10256295	75.51	17596.21022	#5FA12D
Serbia	Europe	2002	10111559	73.213	7236.075251	#92C858
Hungary	Europe	2002	10083313	72.59	14843.93556	#599C28
Tunisia	Africa	2002	9770575	73.042	5722.895655	#C5690B
Sweden	Europe	2002	8954175	80.04	29341.63093	#82BE45
Chad	Africa	2002	8835739	50.525	1156.18186	#DA7D12
Guinea	Africa	2002	8807818	53.676	945.5835837	#E18417
Dominican Republic	Americas	2002	8650322	70.847	4563.808154	#F7824D
Bolivia	Americas	2002	8445134	63.883	3413.26269	#F57748
Austria	Europe	2002	8148312	78.98	32417.60769	#8AC34F
Rwanda	Africa	2002	7852401	43.413	785.6537648	#E3881D
Somalia	Africa	2002	7753310	45.936	882.0818218	#E58C23
Bulgaria	Europe	2002	7661799	72.14	7696.777725	#7BB93E
Haiti	Americas	2002	7607651	58.137	1270.364932	#EF623E
Switzerland	Europe	2002	7361757	80.62	34480.95771	#9ACD62
Benin	Africa	2002	7026113	54.406	1372.877931	#EC9936
Burundi	Africa	2002	7021078	47.36	446.4035126	#E79029
Hong Kong, China	Asia	2002	6762476	81.495	30209.01516	#BC9ECA
Honduras	Americas	2002	6677328	68.565	3099.72866	#FDB668
El Salvador	Americas	2002	6353681	70.734	5351.568666	#FBA35B
Israel	Asia	2002	6029529	79.696	21905.59514	#C2A5CF
Paraguay	Americas	2002	5884491	70.755	3783.674243	#FDAE61
Slovak Republic	Europe	2002	5410052	73.8	13638.77837	#B9E188
Denmark	Europe	2002	5374693	77.18	32166.50006	#A2D26B
Libya	Africa	2002	5368585	72.737	9534.677467	#F7AE55
Sierra Leone	Africa	2002	5359092	41.012	699.489713	#EA952F
Jordan	Asia	2002	5307470	71.263	3844.917194	#D9C2DE
Finland	Europe	2002	5193039	78.37	28204.59057	#AAD875
Nicaragua	Americas	2002	5146848	70.836	2474.548819	#FDC778
Togo	Africa	2002	4977378	57.561	886.2205765	#F3A548
Norway	Europe	2002	4535591	79.05	44683.97525	#BFE492
Croatia	Europe	2002	4481020	74.876	11628.38895	#B2DD7E
Eritrea	Africa	2002	4414865	55.24	765.3500015	#EE9D3C
Singapore	Asia	2002	4197776	78.77	36023.1054	#CBB0D5
Bosnia and Herzegovina	Europe	2002	4165416	74.09	6018.975239	#CCE9A7
Central African Republic	Africa	2002	4048013	43.308	738.6906068	#F1A142
New Zealand	Oceania	2002	3908037	79.11	23189.80135	#4575B4
Ireland	Europe	2002	3879155	77.783	34077.04939	#C6E79C
Puerto Rico	Americas	2002	3859606	77.778	18855.60618	#FA9856
Costa Rica	Americas	2002	3834934	78.123	7723.447195	#FDD788
Lebanon	Asia	2002	3677780	71.028	9313.93883	#C6AAD2
Albania	Europe	2002	3508512	75.651	4604.211737	#D9EFBB
West Bank and Gaza	Asia	2002	3389578	72.37	4515.487575	#CFB6D8
Uruguay	Americas	2002	3363085	75.307	7727.002004	#F88D51
Congo, Rep.	Africa	2002	3328795	52.97	3484.06197	#FCB661
Panama	Americas	2002	2990875	74.712	7356.031934	#FDCF80
Mauritania	Africa	2002	2828858	62.247	1579.019543	#F5AA4E
Liberia	Africa	2002	2814651	43.753	531.4823679	#FAB25B
Oman	Asia	2002	2713462	74.193	19774.83687	#DDC8E1
Mongolia	Asia	2002	2674234	65.033	2140.739323	#D4BCDB
Jamaica	Americas	2002	2664659	72.047	6994.774861	#FDBE70
Kuwait	Asia	2002	2111561	76.904	35110.10566	#E2CEE4
Lesotho	Africa	2002	2046772	44.593	1275.184575	#FDBA67
Slovenia	Europe	2002	2011497	76.66	20660.01936	#D2ECB1
Namibia	Africa	2002	1972153	51.479	4072.324751	#FDC37B
Botswana	Africa	2002	1630347	46.634	11003.60508	#FDC681
Gambia	Africa	2002	1457766	58.041	660.5855997	#FDD095
Guinea-Bissau	Africa	2002	1332459	45.504	575.7047176	#FDBD6E
Gabon	Africa	2002	1299304	56.761	12521.71392	#FDCA88
Mauritius	Africa	2002	1200206	71.954	9021.815894	#FDC074
Swaziland	Africa	2002	1130269	43.869	4128.116943	#FDCD8E
Trinidad and Tobago	Americas	2002	1101832	68.976	11460.60023	#FEE090
Reunion	Africa	2002	743981	75.744	6316.1652	#FDD39B
Montenegro	Europe	2002	720230	73.981	6557.194282	#DFF2C5
Bahrain	Asia	2002	656397	74.795	23403.55927	#E7D4E8
Comoros	Africa	2002	614382	62.974	1075.811558	#FDD9A8
Equatorial Guinea	Africa	2002	495627	49.348	7703.4959	#FDD6A2
Djibouti	Africa	2002	447416	53.373	1908.260867	#FDDCAF
Iceland	Europe	2002	288030	80.5	31163.20196	#E6F5D0
Sao Tome and Principe	Africa	2002	170372	64.337	1353.09239	#FEE0B6
China	Asia	2007	1318683096	72.961	4959.114854	#40004B
India	Asia	2007	1110396331	64.698	2452.210407	#460552
United States	Americas	2007	301139947	78.242	42951.65309	#A50026
Indonesia	Asia	2007	223547000	70.65	3540.651564	#540F60
Brazil	Americas	2007	190010647	72.39	9065.800825	#AD0826
Pakistan	Asia	2007	169270617	65.483	2605.94758	#611A6D
Bangladesh	Asia	2007	150448339	64.062	1391.253792	#5B1567
Nigeria	Africa	2007	135031164	46.859	2013.977305	#7F3B08
Japan	Asia	2007	127467972	82.603	31656.06806	#4D0A59
Mexico	Americas	2007	108700891	76.195	11977.57496	#B51026
Philippines	Asia	2007	91077287	71.688	3190.481016	#6F247B
Vietnam	Asia	2007	85262356	74.249	2441.576404	#681F75
Germany	Europe	2007	82400996	79.406	32170.37442	#276419
Egypt	Africa	2007	80264543	71.338	5581.180998	#833D07
Ethiopia	Africa	2007	76511887	52.947	690.8055759	#873F07
Turkey	Europe	2007	71158647	71.777	8458.276384	#468A1F
Iran	Asia	2007	69453570	70.964	11605.71449	#834492
Thailand	Asia	2007	65068149	70.616	7458.396327	#762A83
Congo, Dem. Rep.	Africa	2007	64606759	46.462	277.5518587	#8F4407
France	Europe	2007	61083916	80.657	30470.0167	#36771C
United Kingdom	Europe	2007	60776238	79.425	33203.26128	#2C6A1A
Italy	Europe	2007	58147733	80.546	28569.7197	#31701B
Korea, Rep.	Asia	2007	49044790	78.623	23348.13973	#7A3288
Myanmar	Asia	2007	47761980	62.069	944	#7E3B8C
Colombia	Americas	2007	44227550	72.889	7006.580419	#CE2726
South Africa	Africa	2007	43997828	49.339	9269.657808	#8B4107
Sudan	Africa	2007	42292929	58.556	2602.394995	#9B4A06
Spain	Europe	2007	40448191	80.941	28821.0637	#3B7D1D
Argentina	Americas	2007	40301927	75.32	12779.37964	#BE1826
Poland	Europe	2007	38518241	75.563	15389.92468	#41831E
Tanzania	Africa	2007	38139640	52.517	1107.482182	#9F4D06
Kenya	Africa	2007	35610177	54.11	1463.249282	#A34F06
Morocco	Africa	2007	33757175	71.164	3820.17523	#934607
Canada	Americas	2007	33390141	80.653	36319.23501	#C62026
Algeria	Africa	2007	33333216	72.301	6223.367465	#974807
Afghanistan	Asia	2007	31889923	43.828	974.5803384	#9467A5
Uganda	Africa	2007	29170398	51.542	1056.380121	#AB5406
Nepal	Asia	2007	28901790	63.785	1091.359778	#874D96
Peru	Americas	2007	28674757	71.421	7408.905561	#D73027
Saudi Arabia	Asia	2007	27601038	72.777	21654.83194	#B291C1
Iraq	Asia	2007	27499638	59.545	4471.061906	#A37DB3
Venezuela	Americas	2007	26084662	73.747	11415.80569	#E54E35
Malaysia	Asia	2007	24821286	74.241	12451.6558	#9E76AF
Korea, Dem. Rep.	Asia	2007	23301725	67.297	1593.06548	#8B559B
Taiwan	Asia	2007	23174294	78.4	28718.27684	#905EA1
Ghana	Africa	2007	22873338	60.022	1327.60891	#AF5606
Romania	Europe	2007	22276056	72.476	10808.47561	#4B9020
Yemen, Rep.	Asia	2007	22211743	62.698	2280.769906	#A883B8
Australia	Oceania	2007	20434176	81.235	34435.36744	#313695
Sri Lanka	Asia	2007	20378239	72.396	3970.095407	#9970AB
Mozambique	Africa	2007	19951656	42.082	823.6856205	#A75106
Syria	Asia	2007	19314747	74.143	4184.548089	#B797C6
Madagascar	Africa	2007	19167654	59.443	1044.770126	#B75C07
Cote d'Ivoire	Africa	2007	18013409	48.328	1544.750112	#D0730F
Cameroon	Africa	2007	17696293	50.43	2042.09524	#B35806
Netherlands	Europe	2007	16570613	79.762	36797.93332	#529624
Chile	Americas	2007	16284741	78.553	13171.63885	#DB3A2B
Burkina Faso	Africa	2007	14326203	52.295	1217.032994	#BA5F08
Cambodia	Asia	2007	14131858	59.723	1713.778686	#AD8ABD
Ecuador	Americas	2007	13755680	74.994	6873.262326	#EA5839
Malawi	Africa	2007	13327079	48.303	759.3499101	#D37610
Niger	Africa	2007	12894865	56.867	619.6768924	#C96C0C
Guatemala	Americas	2007	12572928	70.259	5186.050003	#F46D43
Angola	Africa	2007	12420476	42.731	4797.231267	#BE6209
Zimbabwe	Africa	2007	12311143	43.487	469.7092981	#CC6F0D
Senegal	Africa	2007	12267493	63.062	1712.472136	#D77911
Mali	Africa	2007	12031795	54.467	1042.581557	#C2650A
Zambia	Africa	2007	11746035	42.384	1271.211593	#DE8013
Cuba	Americas	2007	11416987	78.273	8948.102923	#E04430
Greece	Europe	2007	10706290	79.483	27538.41188	#74B33A
Portugal	Europe	2007	10642836	78.098	20509.64777	#6DAD35
Belgium	Europe	2007	10392226	79.441	33692.60508	#66A731
Tunisia	Africa	2007	10276158	73.923	7092.923025	#C5690B
Chad	Africa	2007	10238807	50.651	1704.063724	#DA7D12
Czech Republic	Europe	2007	10228744	76.486	22833.30851	#5FA12D
Serbia	Europe	2007	10150265	74.002	9786.534714	#92C858
Hungary	Europe	2007	9956108	73.338	18008.94444	#599C28
Guinea	Africa	2007	9947814	56.007	942.6542111	#E18417
Dominican Republic	Americas	2007	9319622	72.235	6025.374752	#F7824D
Bolivia	Americas	2007	9119152	65.554	3822.137084	#F57748
Somalia	Africa	2007	9118773	48.159	926.1410683	#E58C23
Sweden	Europe	2007	9031088	80.884	33859.74835	#82BE45
Rwanda	Africa	2007	8860588	46.242	863.0884639	#E3881D
Haiti	Americas	2007	8502814	60.916	1201.637154	#EF623E
Burundi	Africa	2007	8390505	49.58	430.0706916	#E79029
Austria	Europe	2007	8199783	79.829	36126.4927	#8AC34F
Benin	Africa	2007	8078314	56.728	1441.284873	#EC9936
Switzerland	Europe	2007	7554661	81.701	37506.41907	#9ACD62
Honduras	Americas	2007	7483763	70.198	3548.330846	#FDB668
Bulgaria	Europe	2007	7322858	73.005	10680.79282	#7BB93E
Hong Kong, China	Asia	2007	6980412	82.208	39724.97867	#BC9ECA
El Salvador	Americas	2007	6939688	71.878	5728.353514	#FBA35B
Paraguay	Americas	2007	6667147	71.752	4172.838464	#FDAE61
Israel	Asia	2007	6426679	80.745	25523.2771	#C2A5CF
Sierra Leone	Africa	2007	6144562	42.568	862.5407561	#EA952F
Jordan	Asia	2007	6053193	72.535	4519.461171	#D9C2DE
Libya	Africa	2007	6036914	73.952	12057.49928	#F7AE55
Togo	Africa	2007	5701579	58.42	882.9699438	#F3A548
Nicaragua	Americas	2007	5675356	72.899	2749.320965	#FDC778
Denmark	Europe	2007	5468120	78.332	35278.41874	#A2D26B
Slovak Republic	Europe	2007	5447502	74.663	18678.31435	#B9E188
Finland	Europe	2007	5238460	79.313	33207.0844	#AAD875
Eritrea	Africa	2007	4906585	58.04	641.3695236	#EE9D3C
Norway	Europe	2007	4627926	80.196	49357.19017	#BFE492
Singapore	Asia	2007	4553009	79.972	47143.17964	#CBB0D5
Bosnia and Herzegovina	Europe	2007	4552198	74.852	7446.298803	#CCE9A7
Croatia	Europe	2007	4493312	75.748	14619.22272	#B2DD7E
Central African Republic	Africa	2007	4369038	44.741	706.016537	#F1A142
Costa Rica	Americas	2007	4133884	78.782	9645.06142	#FDD788
New Zealand	Oceania	2007	4115771	80.204	25185.00911	#4575B4
Ireland	Europe	2007	4109086	78.885	40675.99635	#C6E79C
West Bank and Gaza	Asia	2007	4018332	73.422	3025.349798	#CFB6D8
Puerto Rico	Americas	2007	3942491	78.746	19328.70901	#FA9856
Lebanon	Asia	2007	3921278	71.993	10461.05868	#C6AAD2
Congo, Rep.	Africa	2007	3800610	55.322	3632.557798	#FCB661
Albania	Europe	2007	3600523	76.423	5937.029526	#D9EFBB
Uruguay	Americas	2007	3447496	76.384	10611.46299	#F88D51
Mauritania	Africa	2007	3270065	64.164	1803.151496	#F5AA4E
Panama	Americas	2007	3242173	75.537	9809.185636	#FDCF80
Oman	Asia	2007	3204897	75.64	22316.19287	#DDC8E1
Liberia	Africa	2007	3193942	45.678	414.5073415	#FAB25B
Mongolia	Asia	2007	2874127	66.803	3095.772271	#D4BCDB
Jamaica	Americas	2007	2780132	72.567	7320.880262	#FDBE70
Kuwait	Asia	2007	2505559	77.588	47306.98978	#E2CEE4
Namibia	Africa	2007	2055080	52.906	4811.060429	#FDC37B
Lesotho	Africa	2007	2012649	42.592	1569.331442	#FDBA67
Slovenia	Europe	2007	2009245	77.926	25768.25759	#D2ECB1
Gambia	Africa	2007	1688359	59.448	752.7497265	#FDD095
Botswana	Africa	2007	1639131	50.728	12569.85177	#FDC681
Guinea-Bissau	Africa	2007	1472041	46.388	579.231743	#FDBD6E
Gabon	Africa	2007	1454867	56.735	13206.48452	#FDCA88
Mauritius	Africa	2007	1250882	72.801	10956.99112	#FDC074
Swaziland	Africa	2007	1133066	39.613	4513.480643	#FDCD8E
Trinidad and Tobago	Americas	2007	1056608	69.819	18008.50924	#FEE090
Reunion	Africa	2007	798094	76.442	7670.122558	#FDD39B
Comoros	Africa	2007	710960	65.152	986.1478792	#FDD9A8
Bahrain	Asia	2007	708573	75.635	29796.04834	#E7D4E8
Montenegro	Europe	2007	684736	74.543	9253.896111	#DFF2C5
Equatorial Guinea	Africa	2007	551201	51.579	12154.08975	#FDD6A2
Djibouti	Africa	2007	496374	54.791	2082.481567	#FDDCAF
Iceland	Europe	2007	301931	81.757	36180.78919	#E6F5D0
Sao Tome and Principe	Africa	2007	199579	65.528	1598.435089	#FEE0B6
